{"performance": {"accuracy": {"mean": 0.6323529411764706, "bootstrap": {"std_err": 0.057813863292549235, "low": 0.5441176470588235, "high": 0.7205882352941176}}}, "uncertainty": {"cluster_assignment_entropy": {"AUROC": {"mean": 0.7874418604651161, "bootstrap": {"std_err": 0.056573452800240454, "low": 0.6772935016648902, "high": 0.8687205614282915}}, "area_under_thresholded_accuracy": {"mean": 0.7539674790971678, "bootstrap": {"std_err": 0.05269835257853976, "low": 0.6603470656773646, "high": 0.8292750461255406}}, "mean_uncertainty": {"mean": 0.6597556116416347, "bootstrap": {"std_err": 0.08449990265353714, "low": 0.5188756872819948, "high": 0.7985843074577753}}, "accuracy_at_0.8_answer_fraction": {"mean": 0.7222222222222222, "bootstrap": {"std_err": 0.0648150994466874, "low": 0.6071428571428571, "high": 0.8148148148148148}}, "accuracy_at_0.9_answer_fraction": {"mean": 0.6885245901639344, "bootstrap": {"std_err": 0.06150008722447589, "low": 0.5737704918032787, "high": 0.7868852459016393}}, "accuracy_at_0.95_answer_fraction": {"mean": 0.671875, "bootstrap": {"std_err": 0.06222586904621935, "low": 0.582089552238806, "high": 0.7878908130115487}}, "accuracy_at_1.0_answer_fraction": {"mean": 0.6323529411764706, "bootstrap": {"std_err": 0.05994557836153275, "low": 0.5294117647058824, "high": 0.7205882352941176}}}, "cluster_assignment_entropy_UNANSWERABLE": {"AUROC": {"mean": NaN, "bootstrap": {"std_err": NaN, "low": NaN, "high": NaN}}, "area_under_thresholded_accuracy": {"mean": 0.9473684210526319, "bootstrap": {"std_err": 0.0, "low": 0.9473684210526319, "high": 0.9473684210526319}}, "mean_uncertainty": {"mean": 0.6597556116416347, "bootstrap": {"std_err": 0.08494207288201222, "low": 0.5331303804394307, "high": 0.8106314422514531}}, "accuracy_at_0.8_answer_fraction": {"mean": 1.0, "bootstrap": {"std_err": 0.0, "low": NaN, "high": NaN}}, "accuracy_at_0.9_answer_fraction": {"mean": 1.0, "bootstrap": {"std_err": 0.0, "low": NaN, "high": NaN}}, "accuracy_at_0.95_answer_fraction": {"mean": 1.0, "bootstrap": {"std_err": 0.0, "low": NaN, "high": NaN}}, "accuracy_at_1.0_answer_fraction": {"mean": 1.0, "bootstrap": {"std_err": 0.0, "low": NaN, "high": NaN}}}, "regular_entropy": {"AUROC": {"mean": 0.7553488372093023, "bootstrap": {"std_err": 0.062644654618603, "low": 0.6334393997920992, "high": 0.8483770596450461}}, "area_under_thresholded_accuracy": {"mean": 0.7347008644710016, "bootstrap": {"std_err": 0.060539536058240105, "low": 0.6089586838623016, "high": 0.8135724074421209}}, "mean_uncertainty": {"mean": 0.441997201644354, "bootstrap": {"std_err": 0.04443553959259997, "low": 0.37397353558247276, "high": 0.5232853296574874}}, "accuracy_at_0.8_answer_fraction": {"mean": 0.7222222222222222, "bootstrap": {"std_err": 0.06339418557096119, "low": 0.6111111111111112, "high": 0.8148148148148148}}, "accuracy_at_0.9_answer_fraction": {"mean": 0.6885245901639344, "bootstrap": {"std_err": 0.06081407179693194, "low": 0.5844154996367416, "high": 0.7868852459016393}}, "accuracy_at_0.95_answer_fraction": {"mean": 0.671875, "bootstrap": {"std_err": 0.05904739832663548, "low": 0.5761874803292332, "high": 0.765625}}, "accuracy_at_1.0_answer_fraction": {"mean": 0.6323529411764706, "bootstrap": {"std_err": 0.057440791751278655, "low": 0.5441176470588235, "high": 0.7205882352941176}}}, "regular_entropy_UNANSWERABLE": {"AUROC": {"mean": NaN, "bootstrap": {"std_err": NaN, "low": NaN, "high": NaN}}, "area_under_thresholded_accuracy": {"mean": 0.9473684210526319, "bootstrap": {"std_err": 0.0, "low": 0.9473684210526319, "high": 0.9473684210526319}}, "mean_uncertainty": {"mean": 0.441997201644354, "bootstrap": {"std_err": 0.04577636878517329, "low": 0.37508767288717404, "high": 0.5305490093306066}}, "accuracy_at_0.8_answer_fraction": {"mean": 1.0, "bootstrap": {"std_err": 0.0, "low": NaN, "high": NaN}}, "accuracy_at_0.9_answer_fraction": {"mean": 1.0, "bootstrap": {"std_err": 0.0, "low": NaN, "high": NaN}}, "accuracy_at_0.95_answer_fraction": {"mean": 1.0, "bootstrap": {"std_err": 0.0, "low": NaN, "high": NaN}}, "accuracy_at_1.0_answer_fraction": {"mean": 1.0, "bootstrap": {"std_err": 0.0, "low": NaN, "high": NaN}}}, "semantic_entropy": {"AUROC": {"mean": 0.8069767441860465, "bootstrap": {"std_err": 0.05336331091785017, "low": 0.7032041271297849, "high": 0.8818628654466635}}, "area_under_thresholded_accuracy": {"mean": 0.7706829594784621, "bootstrap": {"std_err": 0.05053350340729652, "low": 0.6756562664165938, "high": 0.8470895243411914}}, "mean_uncertainty": {"mean": 0.5677237057437231, "bootstrap": {"std_err": 0.07911080893120111, "low": 0.45224471815705874, "high": 0.7171704066730759}}, "accuracy_at_0.8_answer_fraction": {"mean": 0.7407407407407407, "bootstrap": {"std_err": 0.06064272408853114, "low": 0.625, "high": 0.8333333333333334}}, "accuracy_at_0.9_answer_fraction": {"mean": 0.7049180327868853, "bootstrap": {"std_err": 0.06273057594957694, "low": 0.6065573770491803, "high": 0.8064516129032258}}, "accuracy_at_0.95_answer_fraction": {"mean": 0.671875, "bootstrap": {"std_err": 0.06225581055390032, "low": 0.5625, "high": 0.765625}}, "accuracy_at_1.0_answer_fraction": {"mean": 0.6323529411764706, "bootstrap": {"std_err": 0.059932271173325696, "low": 0.5294117647058824, "high": 0.7352941176470589}}}, "semantic_entropy_UNANSWERABLE": {"AUROC": {"mean": NaN, "bootstrap": {"std_err": NaN, "low": NaN, "high": NaN}}, "area_under_thresholded_accuracy": {"mean": 0.9473684210526319, "bootstrap": {"std_err": 0.0, "low": 0.9473684210526319, "high": 0.9473684210526319}}, "mean_uncertainty": {"mean": 0.5677237057437231, "bootstrap": {"std_err": 0.07907513611706464, "low": 0.4508724424022752, "high": 0.7185844201041897}}, "accuracy_at_0.8_answer_fraction": {"mean": 1.0, "bootstrap": {"std_err": 0.0, "low": NaN, "high": NaN}}, "accuracy_at_0.9_answer_fraction": {"mean": 1.0, "bootstrap": {"std_err": 0.0, "low": NaN, "high": NaN}}, "accuracy_at_0.95_answer_fraction": {"mean": 1.0, "bootstrap": {"std_err": 0.0, "low": NaN, "high": NaN}}, "accuracy_at_1.0_answer_fraction": {"mean": 1.0, "bootstrap": {"std_err": 0.0, "low": NaN, "high": NaN}}}, "semantic_energy": {"AUROC": {"mean": 0.8009302325581394, "bootstrap": {"std_err": 0.05698262909619114, "low": 0.6966142615274268, "high": 0.8834688346883469}}, "area_under_thresholded_accuracy": {"mean": 0.7609738267774362, "bootstrap": {"std_err": 0.053708111741124026, "low": 0.6680995923499653, "high": 0.839901700843988}}, "mean_uncertainty": {"mean": -144.35140045233467, "bootstrap": {"std_err": 7.806526151235834, "low": -157.22587542282454, "high": -131.83071267035854}}, "accuracy_at_0.8_answer_fraction": {"mean": 0.7592592592592593, "bootstrap": {"std_err": 0.06341406033481532, "low": 0.6481481481481481, "high": 0.8518518518518519}}, "accuracy_at_0.9_answer_fraction": {"mean": 0.7049180327868853, "bootstrap": {"std_err": 0.06572937843915724, "low": 0.5901639344262295, "high": 0.8032786885245902}}, "accuracy_at_0.95_answer_fraction": {"mean": 0.671875, "bootstrap": {"std_err": 0.06613528340084748, "low": 0.5538461538461539, "high": 0.78125}}, "accuracy_at_1.0_answer_fraction": {"mean": 0.6323529411764706, "bootstrap": {"std_err": 0.05866211735164586, "low": 0.5294117647058824, "high": 0.7205882352941176}}}, "semantic_energy_UNANSWERABLE": {"AUROC": {"mean": NaN, "bootstrap": {"std_err": NaN, "low": NaN, "high": NaN}}, "area_under_thresholded_accuracy": {"mean": 0.9473684210526319, "bootstrap": {"std_err": 0.0, "low": 0.9473684210526319, "high": 0.9473684210526319}}, "mean_uncertainty": {"mean": -144.35140045233467, "bootstrap": {"std_err": 7.950604684094122, "low": -157.2434226966458, "high": -131.18321592506499}}, "accuracy_at_0.8_answer_fraction": {"mean": 1.0, "bootstrap": {"std_err": 0.0, "low": NaN, "high": NaN}}, "accuracy_at_0.9_answer_fraction": {"mean": 1.0, "bootstrap": {"std_err": 0.0, "low": NaN, "high": NaN}}, "accuracy_at_0.95_answer_fraction": {"mean": 1.0, "bootstrap": {"std_err": 0.0, "low": NaN, "high": NaN}},