{"performance": {"accuracy": {"mean": 0.6438356164383562, "bootstrap": {"std_err": 0.05407030106693255, "low": 0.547945205479452, "high": 0.726027397260274}}}, "uncertainty": {"cluster_assignment_entropy": {"AUROC": {"mean": 0.7720949263502457, "bootstrap": {"std_err": 0.0551139174248885, "low": 0.6674957345174564, "high": 0.8543541259524001}}, "area_under_thresholded_accuracy": {"mean": 0.7369059635389844, "bootstrap": {"std_err": 0.05012063957448221, "low": 0.6531263081471319, "high": 0.8149950071026193}}, "mean_uncertainty": {"mean": 0.30744353309572225, "bootstrap": {"std_err": 0.0499920941654112, "low": 0.23458537699409168, "high": 0.39937961045450465}}, "accuracy_at_0.8_answer_fraction": {"mean": 0.6984126984126984, "bootstrap": {"std_err": 0.06003256458611051, "low": 0.5972895786441287, "high": 0.7936507936507936}}, "accuracy_at_0.9_answer_fraction": {"mean": 0.6438356164383562, "bootstrap": {"std_err": 0.06209429648505812, "low": 0.5205479452054794, "high": 0.7352941176470589}}, "accuracy_at_0.95_answer_fraction": {"mean": 0.6438356164383562, "bootstrap": {"std_err": 0.05464993062768596, "low": 0.547945205479452, "high": 0.726027397260274}}, "accuracy_at_1.0_answer_fraction": {"mean": 0.6438356164383562, "bootstrap": {"std_err": 0.05565801174487644, "low": 0.547945205479452, "high": 0.726027397260274}}}, "cluster_assignment_entropy_UNANSWERABLE": {"AUROC": {"mean": NaN, "bootstrap": {"std_err": NaN, "low": NaN, "high": NaN}}, "area_under_thresholded_accuracy": {"mean": 0.9473684210526319, "bootstrap": {"std_err": 0.0, "low": NaN, "high": NaN}}, "mean_uncertainty": {"mean": 0.30744353309572225, "bootstrap": {"std_err": 0.05001652893346167, "low": 0.23219611606365997, "high": 0.40132924653708035}}, "accuracy_at_0.8_answer_fraction": {"mean": 1.0, "bootstrap": {"std_err": 0.0, "low": NaN, "high": NaN}}, "accuracy_at_0.9_answer_fraction": {"mean": 1.0, "bootstrap": {"std_err": 0.0, "low": NaN, "high": NaN}}, "accuracy_at_0.95_answer_fraction": {"mean": 1.0, "bootstrap": {"std_err": 0.0, "low": NaN, "high": NaN}}, "accuracy_at_1.0_answer_fraction": {"mean": 1.0, "bootstrap": {"std_err": 0.0, "low": NaN, "high": NaN}}}, "regular_entropy": {"AUROC": {"mean": 0.765139116202946, "bootstrap": {"std_err": 0.05589324574236584, "low": 0.6557268750288576, "high": 0.8410204252571537}}, "area_under_thresholded_accuracy": {"mean": 0.7675891298827934, "bootstrap": {"std_err": 0.048984463911220015, "low": 0.6783462711272291, "high": 0.8393364157870197}}, "mean_uncertainty": {"mean": 0.42621811225326134, "bootstrap": {"std_err": 0.045426777800668575, "low": 0.3644004951430828, "high": 0.51329540140761}}, "accuracy_at_0.8_answer_fraction": {"mean": 0.7241379310344828, "bootstrap": {"std_err": 0.06106172616640978, "low": 0.6101694915254238, "high": 0.8103448275862069}}, "accuracy_at_0.9_answer_fraction": {"mean": 0.6923076923076923, "bootstrap": {"std_err": 0.059657639977349304, "low": 0.5921430232598955, "high": 0.7846153846153846}}, "accuracy_at_0.95_answer_fraction": {"mean": 0.6811594202898551, "bootstrap": {"std_err": 0.06041909948940551, "low": 0.5797101449275363, "high": 0.7714285714285715}}, "accuracy_at_1.0_answer_fraction": {"mean": 0.6438356164383562, "bootstrap": {"std_err": 0.05637362707599051, "low": 0.547945205479452, "high": 0.7397260273972602}}}, "regular_entropy_UNANSWERABLE": {"AUROC": {"mean": NaN, "bootstrap": {"std_err": NaN, "low": NaN, "high": NaN}}, "area_under_thresholded_accuracy": {"mean": 0.9473684210526319, "bootstrap": {"std_err": 0.0, "low": NaN, "high": NaN}}, "mean_uncertainty": {"mean": 0.42621811225326134, "bootstrap": {"std_err": 0.04261888743219551, "low": 0.36695545739404967, "high": 0.5057942997826379}}, "accuracy_at_0.8_answer_fraction": {"mean": 1.0, "bootstrap": {"std_err": 0.0, "low": NaN, "high": NaN}}, "accuracy_at_0.9_answer_fraction": {"mean": 1.0, "bootstrap": {"std_err": 0.0, "low": NaN, "high": NaN}}, "accuracy_at_0.95_answer_fraction": {"mean": 1.0, "bootstrap": {"std_err": 0.0, "low": NaN, "high": NaN}}, "accuracy_at_1.0_answer_fraction": {"mean": 1.0, "bootstrap": {"std_err": 0.0, "low": NaN, "high": NaN}}}, "semantic_entropy": {"AUROC": {"mean": 0.763911620294599, "bootstrap": {"std_err": 0.06001178753152367, "low": 0.6560347461701815, "high": 0.8525490245255858}}, "area_under_thresholded_accuracy": {"mean": 0.752275738563257, "bootstrap": {"std_err": 0.05035366472061818, "low": 0.6512560586384233, "high": 0.8201862452674703}}, "mean_uncertainty": {"mean": 0.2840333428223976, "bootstrap": {"std_err": 0.04522854737166771, "low": 0.2152592499329491, "high": 0.3640530899024582}}, "accuracy_at_0.8_answer_fraction": {"mean": 0.7241379310344828, "bootstrap": {"std_err": 0.06486177770340479, "low": 0.6101694915254238, "high": 0.8275862068965517}}, "accuracy_at_0.9_answer_fraction": {"mean": 0.6923076923076923, "bootstrap": {"std_err": 0.05823092735199014, "low": 0.5909090909090909, "high": 0.7846153846153846}}, "accuracy_at_0.95_answer_fraction": {"mean": 0.6811594202898551, "bootstrap": {"std_err": 0.05871108563547727, "low": 0.5858450140943465, "high": 0.7790552902593401}}, "accuracy_at_1.0_answer_fraction": {"mean": 0.6438356164383562, "bootstrap": {"std_err": 0.05605565147508421, "low": 0.547945205479452, "high": 0.7397260273972602}}}, "semantic_entropy_UNANSWERABLE": {"AUROC": {"mean": NaN, "bootstrap": {"std_err": NaN, "low": NaN, "high": NaN}}, "area_under_thresholded_accuracy": {"mean": 0.9473684210526319, "bootstrap": {"std_err": 0.0, "low": NaN, "high": NaN}}, "mean_uncertainty": {"mean": 0.2840333428223976, "bootstrap": {"std_err": 0.04485669330015101, "low": 0.2163481649503529, "high": 0.36182391469137604}}, "accuracy_at_0.8_answer_fraction": {"mean": 1.0, "bootstrap": {"std_err": 0.0, "low": NaN, "high": NaN}}, "accuracy_at_0.9_answer_fraction": {"mean": 1.0, "bootstrap": {"std_err": 0.0, "low": NaN, "high": NaN}}, "accuracy_at_0.95_answer_fraction": {"mean": 1.0, "bootstrap": {"std_err": 0.0, "low": NaN, "high": NaN}}, "accuracy_at_1.0_answer_fraction": {"mean": 1.0, "bootstrap": {"std_err": 0.0, "low": NaN, "high": NaN}}}, "semantic_energy": {"AUROC": {"mean": 0.7864157119476269, "bootstrap": {"std_err": 0.060512570869123476, "low": 0.6684544795160382, "high": 0.8699735142573413}}, "area_under_thresholded_accuracy": {"mean": 0.7558580090473871, "bootstrap": {"std_err": 0.052650127974073604, "low": 0.652780857020366, "high": 0.8275842655007851}}, "mean_uncertainty": {"mean": -53.52586218739987, "bootstrap": {"std_err": 2.201303435967212, "low": -56.96069168120859, "high": -49.70360553068267}}, "accuracy_at_0.8_answer_fraction": {"mean": 0.7586206896551724, "bootstrap": {"std_err": 0.06841657653361381, "low": 0.6440677966101694, "high": 0.8620689655172413}}, "accuracy_at_0.9_answer_fraction": {"mean": 0.6923076923076923, "bootstrap": {"std_err": 0.06035843329120128, "low": 0.5846153846153846, "high": 0.7846153846153846}}, "accuracy_at_0.95_answer_fraction": {"mean": 0.6666666666666666, "bootstrap": {"std_err": 0.06048983814674337, "low": 0.5694444444444444, "high": 0.7681159420289855}}, "accuracy_at_1.0_answer_fraction": {"mean": 0.6438356164383562, "bootstrap": {"std_err": 0.05519717129095976, "low": 0.5342465753424658, "high": 0.7123287671232876}}}, "semantic_energy_UNANSWERABLE": {"AUROC": {"mean": NaN, "bootstrap": {"std_err": NaN, "low": NaN, "high": NaN}}, "area_under_thresholded_accuracy": {"mean": 0.9473684210526319, "bootstrap": {"std_err": 0.0, "low": NaN, "high": NaN}}, "mean_uncertainty": {"mean": -53.52586218739987, "bootstrap": {"std_err": 2.1209474181451853, "low": -56.878511063773416, "high": -50.01986482685964}}, "accuracy_at_0.8_answer_fraction": {"mean": 1.0, "bootstrap": {"std_err": 0.0, "low": NaN, "high": NaN}}, "accuracy_at_0.9_answer_fraction": {"mean": 1.0, "bootstrap": {"std_err": 0.0, "low": NaN, "high": NaN}}, "accuracy_at_0.95_answer_fraction": {"mean": 1.0, "bootstrap": {"std_err": 0.0, "low": NaN, "high": NaN}}, "accuracy_at_1.0_answer_fraction": {"mean": 1.0,