{"auroc_p_ik_train_train":1,"n_iter":60,"acc_p_ik_train_train":1,"_step":4,"_wandb":{"runtime":2431},"auroc_p_ik_eval":0.6400679590017825,"performance":{"accuracy":{"mean":0.66,"bootstrap":{"low":0.6175,"high":0.695,"std_err":0.02381839435519657}}},"auroc_p_ik_train_test":0.6374643874643875,"validation_accuracy":0.66,"_timestamp":1.7636189458831577e+09,"uncertainty":{"cluster_assignment_entropy":{"accuracy_at_1.0_answer_fraction":{"mean":0.66,"bootstrap":{"low":0.6175,"high":0.695,"std_err":0.023687773309333117}},"AUROC":{"mean":0.5,"bootstrap":{"high":NaN,"std_err":0,"low":NaN}},"area_under_thresholded_accuracy":{"mean":0.6252631578947371,"bootstrap":{"high":0.6624689455494629,"std_err":0.02189870522221629,"low":0.5921052631578947}},"mean_uncertainty":{"bootstrap":{"std_err":4.443114211273408e-16,"low":2.302585092994046,"high":2.302585092994046},"mean":2.302585092994046},"accuracy_at_0.8_answer_fraction":{"mean":0.66,"bootstrap":{"std_err":0.023474250583148348,"low":0.6175,"high":0.695}},"accuracy_at_0.9_answer_fraction":{"mean":0.66,"bootstrap":{"high":0.6975,"std_err":0.02368462447319857,"low":0.6175}},"accuracy_at_0.95_answer_fraction":{"bootstrap":{"std_err":0.023754181445297926,"low":0.6175,"high":0.695},"mean":0.66}},"semantic_entropy":{"accuracy_at_1.0_answer_fraction":{"mean":0.66,"bootstrap":{"low":0.625,"high":0.7,"std_err":0.023585604841846984}},"AUROC":{"bootstrap":{"high":0.40545729729621743,"std_err":0.02936823224230433,"low":0.3093511907661174},"mean":0.35738357843137253},"area_under_thresholded_accuracy":{"mean":0.5398996612681924,"bootstrap":{"std_err":0.029920303473404866,"low":0.4866796305099007,"high":0.5860054750587016}},"mean_uncertainty":{"bootstrap":{"high":2.189557736559229,"std_err":0.005213932232820339,"low":2.1726396868054865},"mean":2.1812954257633157},"accuracy_at_0.8_answer_fraction":{"mean":0.625,"bootstrap":{"std_err":0.027652337434887892,"low":0.5794392523364486,"high":0.6697819314641744}},"accuracy_at_0.9_answer_fraction":{"mean":0.651595744680851,"bootstrap":{"high":0.6901769278291386,"std_err":0.025032620951412985,"low":0.6105443571661946}},"accuracy_at_0.95_answer_fraction":{"bootstrap":{"std_err":0.024871820033727798,"low":0.6225,"high":0.7025},"mean":0.66}},"p_ik":{"accuracy_at_0.8_answer_fraction":{"bootstrap":{"std_err":0.028826310354427814,"low":0.66875,"high":0.7625},"mean":0.715625},"accuracy_at_0.9_answer_fraction":{"mean":0.6944444444444444,"bootstrap":{"low":0.65,"high":0.7317852353206294,"std_err":0.024875306184652633}},"accuracy_at_0.95_answer_fraction":{"mean":0.6736842105263158,"bootstrap":{"high":0.7094240837696335,"std_err":0.02358614042337753,"low":0.631578947368421}},"accuracy_at_1.0_answer_fraction":{"mean":0.66,"bootstrap":{"high":0.6975,"std_err":0.02329009493909959,"low":0.62}},"AUROC":{"mean":0.6400679590017825,"bootstrap":{"low":0.5911292669033862,"high":0.6875501290557148,"std_err":0.029229151350017135}},"area_under_thresholded_accuracy":{"mean":0.699598835546656,"bootstrap":{"low":0.6506236116075029,"high":0.7402863470805406,"std_err":0.026914663994759756}},"mean_uncertainty":{"bootstrap":{"high":0.2988727103649202,"std_err":0.01930532280200611,"low":0.2356953906763598},"mean":0.2648343222516608}},"p_false_UNANSWERABLE":{"accuracy_at_0.8_answer_fraction":{"mean":1,"bootstrap":{"low":NaN,"high":NaN,"std_err":0}},"accuracy_at_0.9_answer_fraction":{"mean":1,"bootstrap":{"std_err":0,"low":NaN,"high":NaN}},"accuracy_at_0.95_answer_fraction":{"bootstrap":{"std_err":0,"low":NaN,"high":NaN},"mean":1},"accuracy_at_1.0_answer_fraction":{"bootstrap":{"low":NaN,"high":NaN,"std_err":0},"mean":1},"AUROC":{"mean":NaN,"bootstrap":{"low":NaN,"high":NaN,"std_err":NaN}},"area_under_thresholded_accuracy":{"mean":0.9473684210526319,"bootstrap":{"high":0.9473684210526319,"std_err":0,"low":0.9473684210526319}},"mean_uncertainty":{"mean":1.149334586574696,"bootstrap":{"std_err":0.008919654657180866,"low":1.1368696775886835,"high":1.1679512763464985}}},"semantic_entropy_UNANSWERABLE":{"mean_uncertainty":{"bootstrap":{"high":2.1892154598586484,"std_err":0.005221355362424198,"low":2.171931628843019},"mean":2.1812954257633157},"accuracy_at_0.8_answer_fraction":{"bootstrap":{"std_err":0,"low":NaN,"high":NaN},"mean":1},"accuracy_at_0.9_answer_fraction":{"mean":1,"bootstrap":{"low":NaN,"high":NaN,"std_err":0}},"accuracy_at_0.95_answer_fraction":{"mean":1,"bootstrap":{"low":NaN,"high":NaN,"std_err":0}},"accuracy_at_1.0_answer_fraction":{"mean":1,"bootstrap":{"low":NaN,"high":NaN,"std_err":0}},"AUROC":{"mean":NaN,"bootstrap":{"low":NaN,"high":NaN,"std_err":NaN}},"area_under_thresholded_accuracy":{"bootstrap":{"std_err":0,"low":0.9473684210526319,"high":0.9473684210526319},"mean":0.9473684210526319}},"p_ik_UNANSWERABLE":{"area_under_thresholded_accuracy":{"mean":0.9473684210526319,"bootstrap":{"std_err":0,"low":0.9473684210526319,"high":0.9473684210526319}},"mean_uncertainty":{"bootstrap":{"std_err":0.01935598875697691,"low":0.23239060944034431,"high":0.29576546431720246},"mean":0.2648343222516608},"accuracy_at_0.8_answer_fraction":{"mean":1,"bootstrap":{"low":NaN,"high":NaN,"std_err":0}},"accuracy_at_0.9_answer_fraction":{"mean":1,"bootstrap":{"high":NaN,"std_err":0,"low":NaN}},"accuracy_at_0.95_answer_fraction":{"mean":1,"bootstrap":{"std_err":0,"low":NaN,"high":NaN}},"accuracy_at_1.0_answer_fraction":{"mean":1,"bootstrap":{"std_err":0,"low":NaN,"high":NaN}},"AUROC":{"bootstrap":{"std_err":NaN,"low":NaN,"high":NaN},"mean":NaN}},"regular_entropy_UNANSWERABLE":{"accuracy_at_0.8_answer_fraction":{"bootstrap":{"low":NaN,"high":NaN,"std_err":0},"mean":1},"accuracy_at_0.9_answer_fraction":{"mean":1,"bootstrap":{"low":NaN,"high":NaN,"std_err":0}},"accuracy_at_0.95_answer_fraction":{"mean":1,"bootstrap":{"std_err":0,"low":NaN,"high":NaN}},"accuracy_at_1.0_answer_fraction":{"mean":1,"bootstrap":{"low":NaN,"high":NaN,"std_err":0}},"AUROC":{"bootstrap":{"low":NaN,"high":NaN,"std_err":NaN},"mean":NaN},"area_under_thresholded_accuracy":{"mean":0.9473684210526319,"bootstrap":{"std_err":0,"low":0.9473684210526319,"high":0.9473684210526319}},"mean_uncertainty":{"bootstrap":{"std_err":0.029284981836668045,"low":0.6917510903035463,"high":0.7879652781241772},"mean":0.735917344688287}},"regular_entropy":{"accuracy_at_0.95_answer_fraction":{"bootstrap":{"low":0.6377952755905512,"high":0.718421052631579,"std_err":0.024681595854003303},"mean":0.6842105263157895},"accuracy_at_1.0_answer_fraction":{"bootstrap":{"std_err":0.023352029725321362,"low":0.62,"high":0.6975},"mean":0.66},"AUROC":{"mean":0.7450423351158645,"bootstrap":{"high":0.7855220899231659,"std_err":0.025474871301880322,"low":0.7019691649952474}},"area_under_thresholded_accuracy":{"bootstrap":{"high":0.7898745647793858,"std_err":0.022464137938265863,"low":0.7161166865892592},"mean":0.7549386083632658},"mean_uncertainty":{"mean":0.735917344688287,"bootstrap":{"high":0.7856686218831506,"std_err":0.028682200151848438,"low":0.6910308962541125}},"accuracy_at_0.8_answer_fraction":{"mean":0.746875,"bootstrap":{"std_err":0.02552668018289206,"low":0.703125,"high":0.7879282597361472}},"accuracy_at_0.9_answer_fraction":{"mean":0.7083333333333334,"bootstrap":{"low":0.6620498614958449,"high":0.7472222222222222,"std_err":0.02534666389396324}}},"p_false":{"AUROC":{"mean":0.7148785650623886,"bootstrap":{"std_err":0.02945504659687236,"low":0.6609231698817462,"high":0.7563706646685526}},"area_under_thresholded_accuracy":{"bootstrap":{"std_err":0.02524662914428616,"low":0.6864712751167434,"high":0.7687264764162479},"mean":0.7314512664463666},"mean_uncertainty":{"bootstrap":{"low":1.1368022468455918,"high":1.1663386230351644,"std_err":0.008743525197341357},"mean":1.149334586574696},"accuracy_at_0.8_answer_fraction":{"mean":0.7375,"bootstrap":{"low":0.6947040498442367,"high":0.778125,"std_err":0.025209885823825287}},"accuracy_at_0.9_answer_fraction":{"bootstrap":{"std_err":0.024728527966369197,"low":0.6666666666666666,"high":0.7472222222222222},"mean":0.7055555555555556},