{"performance": {"accuracy": {"mean": 0.6235294117647059, "bootstrap": {"std_err": 0.026212554199307455, "low": 0.5764705882352941, "high": 0.6663098446380629}}}, "uncertainty": {"cluster_assignment_entropy": {"AUROC": {"mean": 0.8059220224056605, "bootstrap": {"std_err": 0.02430533220908855, "low": 0.7621026742476428, "high": 0.8424358884694391}}, "area_under_thresholded_accuracy": {"mean": 0.7587098847622508, "bootstrap": {"std_err": 0.02303236904171823, "low": 0.715850163906725, "high": 0.7913698459001494}}, "mean_uncertainty": {"mean": 0.5859940390588957, "bootstrap": {"std_err": 0.034121260186129924, "low": 0.5326121408733173, "high": 0.6426376122473244}}, "accuracy_at_0.8_answer_fraction": {"mean": 0.7169117647058824, "bootstrap": {"std_err": 0.030226781488375144, "low": 0.6703296703296703, "high": 0.7658338899399695}}, "accuracy_at_0.9_answer_fraction": {"mean": 0.6634304207119741, "bootstrap": {"std_err": 0.028694883241173832, "low": 0.618220688338923, "high": 0.7111759840431917}}, "accuracy_at_0.95_answer_fraction": {"mean": 0.6501547987616099, "bootstrap": {"std_err": 0.027267952490216612, "low": 0.6080246913580247, "high": 0.6979569674531321}}, "accuracy_at_1.0_answer_fraction": {"mean": 0.6235294117647059, "bootstrap": {"std_err": 0.02575414531516061, "low": 0.5823529411764706, "high": 0.6617647058823529}}}, "cluster_assignment_entropy_UNANSWERABLE": {"AUROC": {"mean": NaN, "bootstrap": {"std_err": NaN, "low": NaN, "high": NaN}}, "area_under_thresholded_accuracy": {"mean": 0.9473684210526319, "bootstrap": {"std_err": 0.0, "low": 0.9473684210526319, "high": 0.9473684210526319}}, "mean_uncertainty": {"mean": 0.5859940390588957, "bootstrap": {"std_err": 0.033955415067270484, "low": 0.5305323389208428, "high": 0.6439101919496917}}, "accuracy_at_0.8_answer_fraction": {"mean": 1.0, "bootstrap": {"std_err": 0.0, "low": NaN, "high": NaN}}, "accuracy_at_0.9_answer_fraction": {"mean": 1.0, "bootstrap": {"std_err": 0.0, "low": NaN, "high": NaN}}, "accuracy_at_0.95_answer_fraction": {"mean": 1.0, "bootstrap": {"std_err": 0.0, "low": NaN, "high": NaN}}, "accuracy_at_1.0_answer_fraction": {"mean": 1.0, "bootstrap": {"std_err": 0.0, "low": NaN, "high": NaN}}}, "regular_entropy": {"AUROC": {"mean": 0.7530955188679245, "bootstrap": {"std_err": 0.02575751524159894, "low": 0.7117936062931786, "high": 0.7934280663132989}}, "area_under_thresholded_accuracy": {"mean": 0.7334833898927625, "bootstrap": {"std_err": 0.025344606885832507, "low": 0.6857898632184359, "high": 0.7692169015487301}}, "mean_uncertainty": {"mean": 0.4414214846957778, "bootstrap": {"std_err": 0.018392509689350345, "low": 0.41123144631698344, "high": 0.4723020461820939}}, "accuracy_at_0.8_answer_fraction": {"mean": 0.7205882352941176, "bootstrap": {"std_err": 0.027276056056734204, "low": 0.6764705882352942, "high": 0.7655677655677655}}, "accuracy_at_0.9_answer_fraction": {"mean": 0.673202614379085, "bootstrap": {"std_err": 0.028941941976021065, "low": 0.6274509803921569, "high": 0.7193990148189829}}, "accuracy_at_0.95_answer_fraction": {"mean": 0.6470588235294118, "bootstrap": {"std_err": 0.027103917298603772, "low": 0.6037151702786377, "high": 0.6907576802479921}}, "accuracy_at_1.0_answer_fraction": {"mean": 0.6235294117647059, "bootstrap": {"std_err": 0.02609415736610905, "low": 0.5823529411764706, "high": 0.6647058823529411}}}, "regular_entropy_UNANSWERABLE": {"AUROC": {"mean": NaN, "bootstrap": {"std_err": NaN, "low": NaN, "high": NaN}}, "area_under_thresholded_accuracy": {"mean": 0.9473684210526319, "bootstrap": {"std_err": 0.0, "low": 0.9473684210526319, "high": 0.9473684210526319}}, "mean_uncertainty": {"mean": 0.4414214846957778, "bootstrap": {"std_err": 0.018946776478747294, "low": 0.41322396620705815, "high": 0.4752427992007841}}, "accuracy_at_0.8_answer_fraction": {"mean": 1.0, "bootstrap": {"std_err": 0.0, "low": NaN, "high": NaN}}, "accuracy_at_0.9_answer_fraction": {"mean": 1.0, "bootstrap": {"std_err": 0.0, "low": NaN, "high": NaN}}, "accuracy_at_0.95_answer_fraction": {"mean": 1.0, "bootstrap": {"std_err": 0.0, "low": NaN, "high": NaN}}, "accuracy_at_1.0_answer_fraction": {"mean": 1.0, "bootstrap": {"std_err": 0.0, "low": NaN, "high": NaN}}}, "semantic_entropy": {"AUROC": {"mean": 0.8156323702830189, "bootstrap": {"std_err": 0.02392554316497991, "low": 0.7747228727950538, "high": 0.8542166261574338}}, "area_under_thresholded_accuracy": {"mean": 0.76662444397364, "bootstrap": {"std_err": 0.02257641730797634, "low": 0.7252048715654313, "high": 0.8004422469651551}}, "mean_uncertainty": {"mean": 0.5094951956558404, "bootstrap": {"std_err": 0.03152493504576795, "low": 0.45652227165872056, "high": 0.5595432602960672}}, "accuracy_at_0.8_answer_fraction": {"mean": 0.7205882352941176, "bootstrap": {"std_err": 0.02964156441246753, "low": 0.6727490807902657, "high": 0.7683823529411765}}, "accuracy_at_0.9_answer_fraction": {"mean": 0.6666666666666666, "bootstrap": {"std_err": 0.027282487376889236, "low": 0.6172458118109176, "high": 0.7058823529411765}}, "accuracy_at_0.95_answer_fraction": {"mean": 0.6501547987616099, "bootstrap": {"std_err": 0.027911983898332833, "low": 0.6006191950464397, "high": 0.6940407481955544}}, "accuracy_at_1.0_answer_fraction": {"mean": 0.6235294117647059, "bootstrap": {"std_err": 0.026319855830446773, "low": 0.5788819093561862, "high": 0.6676470588235294}}}, "semantic_entropy_UNANSWERABLE": {"AUROC": {"mean": NaN, "bootstrap": {"std_err": NaN, "low": NaN, "high": NaN}}, "area_under_thresholded_accuracy": {"mean": 0.9473684210526319, "bootstrap": {"std_err": 0.0, "low": 0.9473684210526319, "high": 0.9473684210526319}}, "mean_uncertainty": {"mean": 0.5094951956558404, "bootstrap": {"std_err": 0.031586391775697414, "low": 0.4601971187529552, "high": 0.5599698341451035}}, "accuracy_at_0.8_answer_fraction": {"mean": 1.0, "bootstrap": {"std_err": 0.0, "low": NaN, "high": NaN}}, "accuracy_at_0.9_answer_fraction": {"mean": 1.0, "bootstrap": {"std_err": 0.0, "low": NaN, "high": NaN}}, "accuracy_at_0.95_answer_fraction": {"mean": 1.0, "bootstrap": {"std_err": 0.0, "low": NaN, "high": NaN}}, "accuracy_at_1.0_answer_fraction": {"mean": 1.0, "bootstrap": {"std_err": 0.0, "low": NaN, "high": NaN}}}, "semantic_energy": {"AUROC": {"mean": 0.7212558962264151, "bootstrap": {"std_err": 0.02828282919611634, "low": 0.6703965083533786, "high": 0.7636888336245091}}, "area_under_thresholded_accuracy": {"mean": 0.7246058807807723, "bootstrap": {"std_err": 0.026904885224368416, "low": 0.675358591871283, "high": 0.7658188428740668}}, "mean_uncertainty": {"mean": -138.2579000709467, "bootstrap": {"std_err": 4.557359044854766, "low": -146.08552447799104, "high": -130.85331548586586}}, "accuracy_at_0.8_answer_fraction": {"mean": 0.6985294117647058, "bootstrap": {"std_err": 0.027766859448218377, "low": 0.652014652014652, "high": 0.7426470588235294}}, "accuracy_at_0.9_answer_fraction": {"mean": 0.6666666666666666, "bootstrap": {"std_err": 0.02679494955695224, "low": 0.6176470588235294, "high": 0.7058823529411765}}, "accuracy_at_0.95_answer_fraction": {"mean": 0.6439628482972136, "bootstrap": {"std_err": 0.027792500314862707, "low": 0.5975232198142415, "high": 0.6873065015479877}}, "accuracy_at_1.0_answer_fraction": {"mean": 0.6235294117647059, "bootstrap": {"std_err": 0.02608669728598969, "low": 0.5794117647058824, "high": 0.6647058823529411}}}, "semantic_energy_UNANSWERABLE": {"AUROC": {"mean": NaN, "bootstrap": {"std_err": NaN, "low": NaN, "high": NaN}}, "area_under_thresholded_accuracy": {"mean": 0.9473684210526319, "bootstrap": {"std_err": 0.0, "low": 0.9473684210526319, "high": 0.9473684210526319}}, "mean_uncertainty": {"mean": -138.2579000709467, "bootstrap": {"std_err": 4.5325116054605346, "low": -146.06820715556645, "high": -130.75769936155257}}, "accuracy_at_0.8_answer_fraction": {"mean": 1.0, "bootstrap": {"std_err": 0.0, "low": NaN, "high": NaN}}, "accuracy_at_0.9_answer_fraction": {"mean": 1.0, "bootstrap": {"std_err": 0.0, "low": NaN, "high": NaN}},