{"validation_accuracy":0.593654042988741,"_runtime":2769,"_wandb":{"runtime":2769},"_step":1,"train_accuracy":0.6020408163265306,"_timestamp":1.7655667237604733e+09}