{"performance": {"accuracy": {"mean": 0.5852941176470589, "bootstrap": {"std_err": 0.02648997961603822, "low": 0.5411764705882353, "high": 0.6294117647058823}}}, "uncertainty": {"p_false": {"AUROC": {"mean": 0.6945008731601269, "bootstrap": {"std_err": 0.02978085310154377, "low": 0.6444657542946882, "high": 0.7417170042822907}}, "area_under_thresholded_accuracy": {"mean": 0.6725401307991012, "bootstrap": {"std_err": 0.02868273681508176, "low": 0.6262721791926834, "high": 0.7198125157074604}}, "mean_uncertainty": {"mean": 1.74611129704315, "bootstrap": {"std_err": 0.06122262586745527, "low": 1.6523375815453494, "high": 1.8520166832278784}}, "accuracy_at_0.8_answer_fraction": {"mean": 0.6433823529411765, "bootstrap": {"std_err": 0.029382528606441912, "low": 0.5943108634431323, "high": 0.6886446886446886}}, "accuracy_at_0.9_answer_fraction": {"mean": 0.6176470588235294, "bootstrap": {"std_err": 0.02951439984792161, "low": 0.5686274509803921, "high": 0.6666666666666666}}, "accuracy_at_0.95_answer_fraction": {"mean": 0.6037151702786377, "bootstrap": {"std_err": 0.027544925512409852, "low": 0.559573130368213, "high": 0.6470588235294118}}, "accuracy_at_1.0_answer_fraction": {"mean": 0.5852941176470589, "bootstrap": {"std_err": 0.026520879036052217, "low": 0.5411764705882353, "high": 0.6294117647058823}}}, "p_false_UNANSWERABLE": {"AUROC": {"mean": NaN, "bootstrap": {"std_err": NaN, "low": NaN, "high": NaN}}, "area_under_thresholded_accuracy": {"mean": 0.9473684210526319, "bootstrap": {"std_err": 0.0, "low": 0.9473684210526319, "high": 0.9473684210526319}}, "mean_uncertainty": {"mean": 1.74611129704315, "bootstrap": {"std_err": 0.05866545605802261, "low": 1.6607052236905087, "high": 1.8575625357986776}}, "accuracy_at_0.8_answer_fraction": {"mean": 1.0, "bootstrap": {"std_err": 0.0, "low": NaN, "high": NaN}}, "accuracy_at_0.9_answer_fraction": {"mean": 1.0, "bootstrap": {"std_err": 0.0, "low": NaN, "high": NaN}}, "accuracy_at_0.95_answer_fraction": {"mean": 1.0, "bootstrap": {"std_err": 0.0, "low": NaN, "high": NaN}}, "accuracy_at_1.0_answer_fraction": {"mean": 1.0, "bootstrap": {"std_err": 0.0, "low": NaN, "high": NaN}}}, "p_false_fixed": {"AUROC": {"mean": 0.6945008731601269, "bootstrap": {"std_err": 0.028863968710431794, "low": 0.6484930231777952, "high": 0.7412346801433793}}, "area_under_thresholded_accuracy": {"mean": 0.6725401307991012, "bootstrap": {"std_err": 0.028043246460556042, "low": 0.6274394163282258, "high": 0.7180768496637502}}, "mean_uncertainty": {"mean": 0.36024617357462546, "bootstrap": {"std_err": 0.01570476111839505, "low": 0.3343683009521842, "high": 0.3847724584950152}}, "accuracy_at_0.8_answer_fraction": {"mean": 0.6433823529411765, "bootstrap": {"std_err": 0.030148905497409884, "low": 0.5919117647058824, "high": 0.6875}}, "accuracy_at_0.9_answer_fraction": {"mean": 0.6176470588235294, "bootstrap": {"std_err": 0.028492652035722855, "low": 0.5700325732899023, "high": 0.6633986928104575}}, "accuracy_at_0.95_answer_fraction": {"mean": 0.6037151702786377, "bootstrap": {"std_err": 0.026479181017316892, "low": 0.5603715170278638, "high": 0.6470588235294118}}, "accuracy_at_1.0_answer_fraction": {"mean": 0.5852941176470589, "bootstrap": {"std_err": 0.02663768450496324, "low": 0.5411764705882353, "high": 0.6264705882352941}}}, "p_false_fixed_UNANSWERABLE": {"AUROC": {"mean": NaN, "bootstrap": {"std_err": NaN, "low": NaN, "high": NaN}}, "area_under_thresholded_accuracy": {"mean": 0.9473684210526319, "bootstrap": {"std_err": 0.0, "low": 0.9473684210526319, "high": 0.9473684210526319}}, "mean_uncertainty": {"mean": 0.36024617357462546, "bootstrap": {"std_err": 0.01614943366248407, "low": 0.33428628615651446, "high": 0.3878419392148028}}, "accuracy_at_0.8_answer_fraction": {"mean": 1.0, "bootstrap": {"std_err": 0.0, "low": NaN, "high": NaN}}, "accuracy_at_0.9_answer_fraction": {"mean": 1.0, "bootstrap": {"std_err": 0.0, "low": NaN, "high": NaN}}, "accuracy_at_0.95_answer_fraction": {"mean": 1.0, "bootstrap": {"std_err": 0.0, "low": NaN, "high": NaN}}, "accuracy_at_1.0_answer_fraction": {"mean": 1.0, "bootstrap": {"std_err": 0.0, "low": NaN, "high": NaN}}}, "cluster_assignment_entropy": {"AUROC": {"mean": 0.7976763248868455, "bootstrap": {"std_err": 0.023674107246341995, "low": 0.7572018450416821, "high": 0.8353212833270074}}, "area_under_thresholded_accuracy": {"mean": 0.7192746223027398, "bootstrap": {"std_err": 0.02599831546686725, "low": 0.676164382932668, "high": 0.7610478079464671}}, "mean_uncertainty": {"mean": 0.5338529171190384, "bootstrap": {"std_err": 0.03565938943039464, "low": 0.4775934436163139, "high": 0.5950182629554019}}, "accuracy_at_0.8_answer_fraction": {"mean": 0.6886446886446886, "bootstrap": {"std_err": 0.029354238209872194, "low": 0.6412715225336352, "high": 0.7372262773722628}}, "accuracy_at_0.9_answer_fraction": {"mean": 0.630718954248366, "bootstrap": {"std_err": 0.02761089393024903, "low": 0.5844423225352716, "high": 0.6764705882352942}}, "accuracy_at_0.95_answer_fraction": {"mean": 0.6130030959752322, "bootstrap": {"std_err": 0.02996869231584081, "low": 0.5648148148148148, "high": 0.6615384615384615}}, "accuracy_at_1.0_answer_fraction": {"mean": 0.5852941176470589, "bootstrap": {"std_err": 0.026827330253961713, "low": 0.5411764705882353, "high": 0.6294117647058823}}}, "cluster_assignment_entropy_UNANSWERABLE": {"AUROC": {"mean": NaN, "bootstrap": {"std_err": NaN, "low": NaN, "high": NaN}}, "area_under_thresholded_accuracy": {"mean": 0.9473684210526319, "bootstrap": {"std_err": 0.0, "low": 0.9473684210526319, "high": 0.9473684210526319}}, "mean_uncertainty": {"mean": 0.5338529171190384, "bootstrap": {"std_err": 0.0351632605580803, "low": 0.4802689918288058, "high": 0.595120641012569}}, "accuracy_at_0.8_answer_fraction": {"mean": 1.0, "bootstrap": {"std_err": 0.0, "low": NaN, "high": NaN}}, "accuracy_at_0.9_answer_fraction": {"mean": 1.0, "bootstrap": {"std_err": 0.0, "low": NaN, "high": NaN}}, "accuracy_at_0.95_answer_fraction": {"mean": 1.0, "bootstrap": {"std_err": 0.0, "low": NaN, "high": NaN}}, "accuracy_at_1.0_answer_fraction": {"mean": 1.0, "bootstrap": {"std_err": 0.0, "low": NaN, "high": NaN}}}, "regular_entropy": {"AUROC": {"mean": 0.765583235325564, "bootstrap": {"std_err": 0.026672525632040794, "low": 0.7177271318369354, "high": 0.8053813846848374}}, "area_under_thresholded_accuracy": {"mean": 0.7088191477464688, "bootstrap": {"std_err": 0.027340351968208717, "low": 0.6630969014899312, "high": 0.7526068898189386}}, "mean_uncertainty": {"mean": 0.45350945947535515, "bootstrap": {"std_err": 0.019803457424776183, "low": 0.4236600711645318, "high": 0.4876665520676028}}, "accuracy_at_0.8_answer_fraction": {"mean": 0.6838235294117647, "bootstrap": {"std_err": 0.03203461886436605, "low": 0.6323529411764706, "high": 0.7372262773722628}}, "accuracy_at_0.9_answer_fraction": {"mean": 0.6274509803921569, "bootstrap": {"std_err": 0.029777777206732074, "low": 0.5830618892508144, "high": 0.6797385620915033}}, "accuracy_at_0.95_answer_fraction": {"mean": 0.6068111455108359, "bootstrap": {"std_err": 0.027236629241370897, "low": 0.56656346749226, "high": 0.653250773993808}}, "accuracy_at_1.0_answer_fraction": {"mean": 0.5852941176470589, "bootstrap": {"std_err": 0.026434638355458482, "low": 0.5411764705882353, "high": 0.6294117647058823}}}, "regular_entropy_UNANSWERABLE": {"AUROC": {"mean": NaN, "bootstrap": {"std_err": NaN, "low": NaN, "high": NaN}}, "area_under_thresholded_accuracy": {"mean": 0.9473684210526319, "bootstrap": {"std_err": 0.0, "low": 0.9473684210526319, "high": 0.9473684210526319}}, "mean_uncertainty": {"mean": 0.45350945947535515, "bootstrap": {"std_err": 0.020027192374496253, "low": 0.42288034826442955, "high": 0.4873581919469387}}, "accuracy_at_0.8_answer_fraction": {"mean": 1.0, "bootstrap": {"std_err": 0.0, "low": NaN, "high": NaN}}, "accuracy_at_0.9_answer_fraction": {"mean": 1.0, "bootstrap": {"std_err": 0.0, "low": NaN, "high": NaN}}, "accuracy_at_0.95_answer_fraction": {"mean": 1.0,