{"len_p_true":19,"_timestamp":1.7655960268500936e+09,"train_accuracy":0.555,"validation_accuracy":0.5852941176470589,"_wandb":{"runtime":2086},"_runtime":2086,"_step":2}