{"performance": {"accuracy": {"mean": 0.665, "bootstrap": {"std_err": 0.023503482480021737, "low": 0.625, "high": 0.7025}}}, "uncertainty": {"p_false": {"AUROC": {"mean": 0.7325496577264056, "bootstrap": {"std_err": 0.028389986827562587, "low": 0.6810649765259551, "high": 0.775101891955008}}, "area_under_thresholded_accuracy": {"mean": 0.7469032499290797, "bootstrap": {"std_err": 0.02454582635995074, "low": 0.7027782118865746, "high": 0.7833047317305677}}, "mean_uncertainty": {"mean": 1.1534576164186001, "bootstrap": {"std_err": 0.009387265559650143, "low": 1.1410232502430917, "high": 1.171640680658543}}, "accuracy_at_0.8_answer_fraction": {"mean": 0.74375, "bootstrap": {"std_err": 0.025782955694931158, "low": 0.7026506879476788, "high": 0.7853727740708393}}, "accuracy_at_0.9_answer_fraction": {"mean": 0.7083333333333334, "bootstrap": {"std_err": 0.024091606042253598, "low": 0.6722222222222223, "high": 0.75}}, "accuracy_at_0.95_answer_fraction": {"mean": 0.6815789473684211, "bootstrap": {"std_err": 0.024372492620883902, "low": 0.6387434554973822, "high": 0.7157894736842105}}, "accuracy_at_1.0_answer_fraction": {"mean": 0.665, "bootstrap": {"std_err": 0.02288435696701557, "low": 0.625, "high": 0.7025}}}, "p_false_UNANSWERABLE": {"AUROC": {"mean": NaN, "bootstrap": {"std_err": NaN, "low": NaN, "high": NaN}}, "area_under_thresholded_accuracy": {"mean": 0.9473684210526319, "bootstrap": {"std_err": 0.0, "low": 0.9473684210526319, "high": 0.9473684210526319}}, "mean_uncertainty": {"mean": 1.1534576164186001, "bootstrap": {"std_err": 0.009400129611609187, "low": 1.1389024874097269, "high": 1.1711817203162622}}, "accuracy_at_0.8_answer_fraction": {"mean": 1.0, "bootstrap": {"std_err": 0.0, "low": NaN, "high": NaN}}, "accuracy_at_0.9_answer_fraction": {"mean": 1.0, "bootstrap": {"std_err": 0.0, "low": NaN, "high": NaN}}, "accuracy_at_0.95_answer_fraction": {"mean": 1.0, "bootstrap": {"std_err": 0.0, "low": NaN, "high": NaN}}, "accuracy_at_1.0_answer_fraction": {"mean": 1.0, "bootstrap": {"std_err": 0.0, "low": NaN, "high": NaN}}}, "p_false_fixed": {"AUROC": {"mean": 0.7325496577264056, "bootstrap": {"std_err": 0.027807072946818837, "low": 0.6859403247540609, "high": 0.774821770562082}}, "area_under_thresholded_accuracy": {"mean": 0.7469032499290797, "bootstrap": {"std_err": 0.02340040170290833, "low": 0.7064227718208044, "high": 0.7823846271416711}}, "mean_uncertainty": {"mean": 0.1290123193708273, "bootstrap": {"std_err": 0.006582899453966892, "low": 0.1184681263008883, "high": 0.14023446039143445}}, "accuracy_at_0.8_answer_fraction": {"mean": 0.74375, "bootstrap": {"std_err": 0.026711143199301624, "low": 0.7, "high": 0.7850467289719626}}, "accuracy_at_0.9_answer_fraction": {"mean": 0.7083333333333334, "bootstrap": {"std_err": 0.026084823447389303, "low": 0.6657476831148371, "high": 0.7506925207756233}}, "accuracy_at_0.95_answer_fraction": {"mean": 0.6815789473684211, "bootstrap": {"std_err": 0.024662055489716544, "low": 0.6394736842105263, "high": 0.7191601049868767}}, "accuracy_at_1.0_answer_fraction": {"mean": 0.665, "bootstrap": {"std_err": 0.02398825413272788, "low": 0.625, "high": 0.7025}}}, "p_false_fixed_UNANSWERABLE": {"AUROC": {"mean": NaN, "bootstrap": {"std_err": NaN, "low": NaN, "high": NaN}}, "area_under_thresholded_accuracy": {"mean": 0.9473684210526319, "bootstrap": {"std_err": 0.0, "low": 0.9473684210526319, "high": 0.9473684210526319}}, "mean_uncertainty": {"mean": 0.1290123193708273, "bootstrap": {"std_err": 0.00686484821963729, "low": 0.11711987722302374, "high": 0.13953756724325472}}, "accuracy_at_0.8_answer_fraction": {"mean": 1.0, "bootstrap": {"std_err": 0.0, "low": NaN, "high": NaN}}, "accuracy_at_0.9_answer_fraction": {"mean": 1.0, "bootstrap": {"std_err": 0.0, "low": NaN, "high": NaN}}, "accuracy_at_0.95_answer_fraction": {"mean": 1.0, "bootstrap": {"std_err": 0.0, "low": NaN, "high": NaN}}, "accuracy_at_1.0_answer_fraction": {"mean": 1.0, "bootstrap": {"std_err": 0.0, "low": NaN, "high": NaN}}}, "cluster_assignment_entropy": {"AUROC": {"mean": 0.7673802042419482, "bootstrap": {"std_err": 0.026347662585336686, "low": 0.7227435426320258, "high": 0.808112664804809}}, "area_under_thresholded_accuracy": {"mean": 0.7605677634899236, "bootstrap": {"std_err": 0.022446460960826326, "low": 0.7262533620661028, "high": 0.7974556061175296}}, "mean_uncertainty": {"mean": 0.7433872506874085, "bootstrap": {"std_err": 0.034136572996129155, "low": 0.6854690337846816, "high": 0.798347720069883}}, "accuracy_at_0.8_answer_fraction": {"mean": 0.7625, "bootstrap": {"std_err": 0.02637466562934883, "low": 0.7208588957055214, "high": 0.8071382223741552}}, "accuracy_at_0.9_answer_fraction": {"mean": 0.7209944751381215, "bootstrap": {"std_err": 0.02430954260654932, "low": 0.6820652173913043, "high": 0.7624309392265194}}, "accuracy_at_0.95_answer_fraction": {"mean": 0.6929133858267716, "bootstrap": {"std_err": 0.02607844295241294, "low": 0.6526032052897864, "high": 0.7349984279194369}}, "accuracy_at_1.0_answer_fraction": {"mean": 0.665, "bootstrap": {"std_err": 0.023682331553878472, "low": 0.625, "high": 0.7}}}, "cluster_assignment_entropy_UNANSWERABLE": {"AUROC": {"mean": NaN, "bootstrap": {"std_err": NaN, "low": NaN, "high": NaN}}, "area_under_thresholded_accuracy": {"mean": 0.9473684210526319, "bootstrap": {"std_err": 0.0, "low": 0.9473684210526319, "high": 0.9473684210526319}}, "mean_uncertainty": {"mean": 0.7433872506874085, "bootstrap": {"std_err": 0.0349226532566429, "low": 0.6885327182589285, "high": 0.8014392057301986}}, "accuracy_at_0.8_answer_fraction": {"mean": 1.0, "bootstrap": {"std_err": 0.0, "low": NaN, "high": NaN}}, "accuracy_at_0.9_answer_fraction": {"mean": 1.0, "bootstrap": {"std_err": 0.0, "low": NaN, "high": NaN}}, "accuracy_at_0.95_answer_fraction": {"mean": 1.0, "bootstrap": {"std_err": 0.0, "low": NaN, "high": NaN}}, "accuracy_at_1.0_answer_fraction": {"mean": 1.0, "bootstrap": {"std_err": 0.0, "low": NaN, "high": NaN}}}, "regular_entropy": {"AUROC": {"mean": 0.7439681292784199, "bootstrap": {"std_err": 0.026195505095774372, "low": 0.69838459096838, "high": 0.7849599661028818}}, "area_under_thresholded_accuracy": {"mean": 0.7544120336903831, "bootstrap": {"std_err": 0.022740863762675215, "low": 0.7144226430780387, "high": 0.7891455860622859}}, "mean_uncertainty": {"mean": 0.7377473098861038, "bootstrap": {"std_err": 0.028945415719287923, "low": 0.6958150735900284, "high": 0.7933397305150919}}, "accuracy_at_0.8_answer_fraction": {"mean": 0.740625, "bootstrap": {"std_err": 0.026995251214558723, "low": 0.6928070394925069, "high": 0.778816199376947}}, "accuracy_at_0.9_answer_fraction": {"mean": 0.7055555555555556, "bootstrap": {"std_err": 0.025725104629730294, "low": 0.6611111111111111, "high": 0.7449576311464868}}, "accuracy_at_0.95_answer_fraction": {"mean": 0.6868421052631579, "bootstrap": {"std_err": 0.02406198925298464, "low": 0.6461522134333347, "high": 0.7251423077524479}}, "accuracy_at_1.0_answer_fraction": {"mean": 0.665, "bootstrap": {"std_err": 0.02322010062581713, "low": 0.625, "high": 0.7025}}}, "regular_entropy_UNANSWERABLE": {"AUROC": {"mean": NaN, "bootstrap": {"std_err": NaN, "low": NaN, "high": NaN}}, "area_under_thresholded_accuracy": {"mean": 0.9473684210526319, "bootstrap": {"std_err": 0.0, "low": 0.9473684210526319, "high": 0.9473684210526319}}, "mean_uncertainty": {"mean": 0.7377473098861038, "bootstrap": {"std_err": 0.029727119575520666, "low": 0.6922880672317133, "high": 0.7879046440768682}}, "accuracy_at_0.8_answer_fraction": {"mean": 1.0, "bootstrap": {"std_err": 0.0, "low": NaN, "high": NaN}}, "accuracy_at_0.9_answer_fraction": {"mean": 1.0, "bootstrap": {"std_err": 0.0, "low": NaN, "high": NaN}}, "accuracy_at_0.95_answer_fraction": {"mean": 1.0, "bootstrap": {"std_err": 0.0, "low": NaN, "high": NaN}}, "accuracy_at_1.0_answer_fraction": {"mean": 1.0, "bootstrap": {"std_err": 0.0, "low": NaN, "high": NaN}}}, "semantic_entropy": {"AUROC": {"mean": 0.7742677589496129,