{"performance": {"accuracy": {"mean": 0.605, "bootstrap": {"std_err": 0.024996195906773693, "low": 0.5625, "high": 0.645}}}, "uncertainty": {"p_false": {"AUROC": {"mean": 0.6680876660738573, "bootstrap": {"std_err": 0.028773673422756624, "low": 0.6180388311765211, "high": 0.7132466168808502}}, "area_under_thresholded_accuracy": {"mean": 0.6702058084778436, "bootstrap": {"std_err": 0.026509446749746295, "low": 0.6183052934937999, "high": 0.7081422833475642}}, "mean_uncertainty": {"mean": 1.726904481156671, "bootstrap": {"std_err": 0.052257224627747755, "low": 1.644986650938771, "high": 1.8178938161377278}}, "accuracy_at_0.8_answer_fraction": {"mean": 0.659375, "bootstrap": {"std_err": 0.02664260278556765, "low": 0.6127669611983287, "high": 0.6978193146417445}}, "accuracy_at_0.9_answer_fraction": {"mean": 0.6416666666666667, "bootstrap": {"std_err": 0.025614146610703385, "low": 0.5944444444444444, "high": 0.6805555555555556}}, "accuracy_at_0.95_answer_fraction": {"mean": 0.618421052631579, "bootstrap": {"std_err": 0.024830860749101787, "low": 0.5736842105263158, "high": 0.6552631578947369}}, "accuracy_at_1.0_answer_fraction": {"mean": 0.605, "bootstrap": {"std_err": 0.024030695981376592, "low": 0.565, "high": 0.6475}}}, "p_false_UNANSWERABLE": {"AUROC": {"mean": NaN, "bootstrap": {"std_err": NaN, "low": NaN, "high": NaN}}, "area_under_thresholded_accuracy": {"mean": 0.9473684210526319, "bootstrap": {"std_err": 0.0, "low": 0.9473684210526319, "high": 0.9473684210526319}}, "mean_uncertainty": {"mean": 1.726904481156671, "bootstrap": {"std_err": 0.052087065800254996, "low": 1.6469026013816808, "high": 1.8252751607200626}}, "accuracy_at_0.8_answer_fraction": {"mean": 1.0, "bootstrap": {"std_err": 0.0, "low": NaN, "high": NaN}}, "accuracy_at_0.9_answer_fraction": {"mean": 1.0, "bootstrap": {"std_err": 0.0, "low": NaN, "high": NaN}}, "accuracy_at_0.95_answer_fraction": {"mean": 1.0, "bootstrap": {"std_err": 0.0, "low": NaN, "high": NaN}}, "accuracy_at_1.0_answer_fraction": {"mean": 1.0, "bootstrap": {"std_err": 0.0, "low": NaN, "high": NaN}}}, "p_false_fixed": {"AUROC": {"mean": 0.6680876660738573, "bootstrap": {"std_err": 0.028316516780182238, "low": 0.6236593157369941, "high": 0.7187964519940171}}, "area_under_thresholded_accuracy": {"mean": 0.6702058084778436, "bootstrap": {"std_err": 0.026662997031981214, "low": 0.6258953327811295, "high": 0.7141220451487682}}, "mean_uncertainty": {"mean": 0.3467111960218761, "bootstrap": {"std_err": 0.01601383582605881, "low": 0.3207714246825471, "high": 0.3748200508520587}}, "accuracy_at_0.8_answer_fraction": {"mean": 0.659375, "bootstrap": {"std_err": 0.027643410374117324, "low": 0.6074443157934759, "high": 0.696875}}, "accuracy_at_0.9_answer_fraction": {"mean": 0.6416666666666667, "bootstrap": {"std_err": 0.025929479900884556, "low": 0.5955678670360111, "high": 0.6805555555555556}}, "accuracy_at_0.95_answer_fraction": {"mean": 0.618421052631579, "bootstrap": {"std_err": 0.025403294031422795, "low": 0.5710526315789474, "high": 0.6552631578947369}}, "accuracy_at_1.0_answer_fraction": {"mean": 0.605, "bootstrap": {"std_err": 0.024694378025292642, "low": 0.565, "high": 0.6475}}}, "p_false_fixed_UNANSWERABLE": {"AUROC": {"mean": NaN, "bootstrap": {"std_err": NaN, "low": NaN, "high": NaN}}, "area_under_thresholded_accuracy": {"mean": 0.9473684210526319, "bootstrap": {"std_err": 0.0, "low": 0.9473684210526319, "high": 0.9473684210526319}}, "mean_uncertainty": {"mean": 0.3467111960218761, "bootstrap": {"std_err": 0.01671067462078403, "low": 0.3195897598229474, "high": 0.3752035029973092}}, "accuracy_at_0.8_answer_fraction": {"mean": 1.0, "bootstrap": {"std_err": 0.0, "low": NaN, "high": NaN}}, "accuracy_at_0.9_answer_fraction": {"mean": 1.0, "bootstrap": {"std_err": 0.0, "low": NaN, "high": NaN}}, "accuracy_at_0.95_answer_fraction": {"mean": 1.0, "bootstrap": {"std_err": 0.0, "low": NaN, "high": NaN}}, "accuracy_at_1.0_answer_fraction": {"mean": 1.0, "bootstrap": {"std_err": 0.0, "low": NaN, "high": NaN}}}, "cluster_assignment_entropy": {"AUROC": {"mean": 0.7641620462391464, "bootstrap": {"std_err": 0.024235071865842703, "low": 0.7203357885500671, "high": 0.8017708270176901}}, "area_under_thresholded_accuracy": {"mean": 0.7157756948013037, "bootstrap": {"std_err": 0.023874134348279535, "low": 0.6761342906554896, "high": 0.7517353534177816}}, "mean_uncertainty": {"mean": 0.5055174760279018, "bootstrap": {"std_err": 0.03350837580863151, "low": 0.450990450984211, "high": 0.5618356154399798}}, "accuracy_at_0.8_answer_fraction": {"mean": 0.6829268292682927, "bootstrap": {"std_err": 0.02763749292834602, "low": 0.6364487605432537, "high": 0.7236024844720497}}, "accuracy_at_0.9_answer_fraction": {"mean": 0.6555555555555556, "bootstrap": {"std_err": 0.026315550747115796, "low": 0.6094182825484764, "high": 0.6972222222222222}}, "accuracy_at_0.95_answer_fraction": {"mean": 0.6240208877284595, "bootstrap": {"std_err": 0.025761146610577868, "low": 0.5789371253737833, "high": 0.6631819382088286}}, "accuracy_at_1.0_answer_fraction": {"mean": 0.605, "bootstrap": {"std_err": 0.025174488174635346, "low": 0.56, "high": 0.6425}}}, "cluster_assignment_entropy_UNANSWERABLE": {"AUROC": {"mean": NaN, "bootstrap": {"std_err": NaN, "low": NaN, "high": NaN}}, "area_under_thresholded_accuracy": {"mean": 0.9473684210526319, "bootstrap": {"std_err": 0.0, "low": 0.9473684210526319, "high": 0.9473684210526319}}, "mean_uncertainty": {"mean": 0.5055174760279018, "bootstrap": {"std_err": 0.03331491099511048, "low": 0.4542096217265649, "high": 0.5636003786854564}}, "accuracy_at_0.8_answer_fraction": {"mean": 1.0, "bootstrap": {"std_err": 0.0, "low": NaN, "high": NaN}}, "accuracy_at_0.9_answer_fraction": {"mean": 1.0, "bootstrap": {"std_err": 0.0, "low": NaN, "high": NaN}}, "accuracy_at_0.95_answer_fraction": {"mean": 1.0, "bootstrap": {"std_err": 0.0, "low": NaN, "high": NaN}}, "accuracy_at_1.0_answer_fraction": {"mean": 1.0, "bootstrap": {"std_err": 0.0, "low": NaN, "high": NaN}}}, "regular_entropy": {"AUROC": {"mean": 0.7182498169264567, "bootstrap": {"std_err": 0.025712060422861047, "low": 0.6771797170128881, "high": 0.7612178827141389}}, "area_under_thresholded_accuracy": {"mean": 0.6980130839905363, "bootstrap": {"std_err": 0.02465157275550684, "low": 0.6543319803954359, "high": 0.735201413362583}}, "mean_uncertainty": {"mean": 0.4243845052443443, "bootstrap": {"std_err": 0.0227451063954169, "low": 0.3892656385415825, "high": 0.4651782719169432}}, "accuracy_at_0.8_answer_fraction": {"mean": 0.678125, "bootstrap": {"std_err": 0.027331779301635044, "low": 0.6274683981521667, "high": 0.71875}}, "accuracy_at_0.9_answer_fraction": {"mean": 0.65, "bootstrap": {"std_err": 0.02589953376125314, "low": 0.606283706942092, "high": 0.6916666666666667}}, "accuracy_at_0.95_answer_fraction": {"mean": 0.6289473684210526, "bootstrap": {"std_err": 0.025905521531020693, "low": 0.5853018372703412, "high": 0.6713847494440223}}, "accuracy_at_1.0_answer_fraction": {"mean": 0.605, "bootstrap": {"std_err": 0.02458913582459946, "low": 0.5625, "high": 0.6425}}}, "regular_entropy_UNANSWERABLE": {"AUROC": {"mean": NaN, "bootstrap": {"std_err": NaN, "low": NaN, "high": NaN}}, "area_under_thresholded_accuracy": {"mean": 0.9473684210526319, "bootstrap": {"std_err": 0.0, "low": 0.9473684210526319, "high": 0.9473684210526319}}, "mean_uncertainty": {"mean": 0.4243845052443443, "bootstrap": {"std_err": 0.022567704731765142, "low": 0.39057368653543023, "high": 0.46722666739731683}}, "accuracy_at_0.8_answer_fraction": {"mean": 1.0, "bootstrap": {"std_err": 0.0, "low": NaN, "high": NaN}}, "accuracy_at_0.9_answer_fraction": {"mean": 1.0, "bootstrap": {"std_err": 0.0, "low": NaN, "high": NaN}}, "accuracy_at_0.95_answer_fraction": {"mean": 1.0, "bootstrap": {"std_err": 0.0, "low": NaN, "high": NaN}}, "accuracy_at_1.0_answer_fraction": {"mean": 1.0, "bootstrap": {"std_err": 0.0, "low": NaN, "high": NaN}}}, "semantic_entropy": {"AUROC": {"mean": 0.7595459776127209,