{"performance": {"accuracy": {"mean": 0.6666666666666666, "bootstrap": {"std_err": 0.06688332524005808, "low": 0.5625, "high": 0.7708333333333334}}}, "uncertainty": {"cluster_assignment_entropy": {"AUROC": {"mean": 0.828125, "bootstrap": {"std_err": 0.06390456864600709, "low": 0.6929285764919747, "high": 0.9141414141414141}}, "area_under_thresholded_accuracy": {"mean": 0.7961151797885474, "bootstrap": {"std_err": 0.05313439801251017, "low": 0.6934855237166013, "high": 0.8693322823133917}}, "mean_uncertainty": {"mean": 0.5099508722359115, "bootstrap": {"std_err": 0.08253316158695266, "low": 0.37771337021446605, "high": 0.6498311120444074}}, "accuracy_at_0.8_answer_fraction": {"mean": 0.7692307692307693, "bootstrap": {"std_err": 0.08695118108186928, "low": 0.6190476190476191, "high": 0.8947368421052632}}, "accuracy_at_0.9_answer_fraction": {"mean": 0.6976744186046512, "bootstrap": {"std_err": 0.07386174265563547, "low": 0.5681818181818182, "high": 0.8181818181818182}}, "accuracy_at_0.95_answer_fraction": {"mean": 0.6739130434782609, "bootstrap": {"std_err": 0.07115216603623914, "low": 0.5531914893617021, "high": 0.782608695652174}}, "accuracy_at_1.0_answer_fraction": {"mean": 0.6666666666666666, "bootstrap": {"std_err": 0.06664820815533591, "low": 0.5416666666666666, "high": 0.7708333333333334}}}, "cluster_assignment_entropy_UNANSWERABLE": {"AUROC": {"mean": NaN, "bootstrap": {"std_err": NaN, "low": NaN, "high": NaN}}, "area_under_thresholded_accuracy": {"mean": 0.9473684210526319, "bootstrap": {"std_err": 0.0, "low": NaN, "high": NaN}}, "mean_uncertainty": {"mean": 0.5099508722359115, "bootstrap": {"std_err": 0.08103200450292898, "low": 0.38370637799862, "high": 0.6578390683441458}}, "accuracy_at_0.8_answer_fraction": {"mean": 1.0, "bootstrap": {"std_err": 0.0, "low": NaN, "high": NaN}}, "accuracy_at_0.9_answer_fraction": {"mean": 1.0, "bootstrap": {"std_err": 0.0, "low": NaN, "high": NaN}}, "accuracy_at_0.95_answer_fraction": {"mean": 1.0, "bootstrap": {"std_err": 0.0, "low": NaN, "high": NaN}}, "accuracy_at_1.0_answer_fraction": {"mean": 1.0, "bootstrap": {"std_err": 0.0, "low": NaN, "high": NaN}}}, "regular_entropy": {"AUROC": {"mean": 0.7431640625, "bootstrap": {"std_err": 0.08085519951883659, "low": 0.592803952838496, "high": 0.8593568530166455}}, "area_under_thresholded_accuracy": {"mean": 0.7597029353996848, "bootstrap": {"std_err": 0.06436182238712436, "low": 0.6251280318350166, "high": 0.8464027529735542}}, "mean_uncertainty": {"mean": 0.44042432914454305, "bootstrap": {"std_err": 0.05198781782426864, "low": 0.3629043449016273, "high": 0.5350102619085348}}, "accuracy_at_0.8_answer_fraction": {"mean": 0.7631578947368421, "bootstrap": {"std_err": 0.0738149617217793, "low": 0.631578947368421, "high": 0.868421052631579}}, "accuracy_at_0.9_answer_fraction": {"mean": 0.7209302325581395, "bootstrap": {"std_err": 0.074794256941183, "low": 0.5909090909090909, "high": 0.8372093023255814}}, "accuracy_at_0.95_answer_fraction": {"mean": 0.6888888888888889, "bootstrap": {"std_err": 0.07338052943353965, "low": 0.5626716333645433, "high": 0.8}}, "accuracy_at_1.0_answer_fraction": {"mean": 0.6666666666666666, "bootstrap": {"std_err": 0.06819738329253594, "low": 0.5416666666666666, "high": 0.7708333333333334}}}, "regular_entropy_UNANSWERABLE": {"AUROC": {"mean": NaN, "bootstrap": {"std_err": NaN, "low": NaN, "high": NaN}}, "area_under_thresholded_accuracy": {"mean": 0.9473684210526319, "bootstrap": {"std_err": 0.0, "low": NaN, "high": NaN}}, "mean_uncertainty": {"mean": 0.44042432914454305, "bootstrap": {"std_err": 0.05014901270109888, "low": 0.36525194468519595, "high": 0.5312594988785042}}, "accuracy_at_0.8_answer_fraction": {"mean": 1.0, "bootstrap": {"std_err": 0.0, "low": NaN, "high": NaN}}, "accuracy_at_0.9_answer_fraction": {"mean": 1.0, "bootstrap": {"std_err": 0.0, "low": NaN, "high": NaN}}, "accuracy_at_0.95_answer_fraction": {"mean": 1.0, "bootstrap": {"std_err": 0.0, "low": NaN, "high": NaN}}, "accuracy_at_1.0_answer_fraction": {"mean": 1.0, "bootstrap": {"std_err": 0.0, "low": NaN, "high": NaN}}}, "semantic_entropy": {"AUROC": {"mean": 0.8251953125, "bootstrap": {"std_err": 0.06920542747406606, "low": 0.6902270597381797, "high": 0.9184725080914059}}, "area_under_thresholded_accuracy": {"mean": 0.7977336293862028, "bootstrap": {"std_err": 0.056057166735400545, "low": 0.6796923751598951, "high": 0.8714831784449107}}, "mean_uncertainty": {"mean": 0.4446048498047192, "bootstrap": {"std_err": 0.07554649343984628, "low": 0.32951742316351434, "high": 0.5876314386009869}}, "accuracy_at_0.8_answer_fraction": {"mean": 0.7631578947368421, "bootstrap": {"std_err": 0.08168287583115931, "low": 0.6052631578947368, "high": 0.8717948717948718}}, "accuracy_at_0.9_answer_fraction": {"mean": 0.6976744186046512, "bootstrap": {"std_err": 0.0712727210506044, "low": 0.5681818181818182, "high": 0.813953488372093}}, "accuracy_at_0.95_answer_fraction": {"mean": 0.6888888888888889, "bootstrap": {"std_err": 0.07254744943430506, "low": 0.5735458301124817, "high": 0.8043478260869565}}, "accuracy_at_1.0_answer_fraction": {"mean": 0.6666666666666666, "bootstrap": {"std_err": 0.06911175312876705, "low": 0.5625, "high": 0.7708333333333334}}}, "semantic_entropy_UNANSWERABLE": {"AUROC": {"mean": NaN, "bootstrap": {"std_err": NaN, "low": NaN, "high": NaN}}, "area_under_thresholded_accuracy": {"mean": 0.9473684210526319, "bootstrap": {"std_err": 0.0, "low": NaN, "high": NaN}}, "mean_uncertainty": {"mean": 0.4446048498047192, "bootstrap": {"std_err": 0.07661250057583961, "low": 0.3258955707333519, "high": 0.5780840759401613}}, "accuracy_at_0.8_answer_fraction": {"mean": 1.0, "bootstrap": {"std_err": 0.0, "low": NaN, "high": NaN}}, "accuracy_at_0.9_answer_fraction": {"mean": 1.0, "bootstrap": {"std_err": 0.0, "low": NaN, "high": NaN}}, "accuracy_at_0.95_answer_fraction": {"mean": 1.0, "bootstrap": {"std_err": 0.0, "low": NaN, "high": NaN}}, "accuracy_at_1.0_answer_fraction": {"mean": 1.0, "bootstrap": {"std_err": 0.0, "low": NaN, "high": NaN}}}, "semantic_energy": {"AUROC": {"mean": 0.787109375, "bootstrap": {"std_err": 0.07702442064333567, "low": 0.63063342525243, "high": 0.8866946787074711}}, "area_under_thresholded_accuracy": {"mean": 0.7669594605993754, "bootstrap": {"std_err": 0.06803118837281757, "low": 0.6207395348209305, "high": 0.8570185799078227}}, "mean_uncertainty": {"mean": -97.81365135549898, "bootstrap": {"std_err": 5.626955419960255, "low": -106.38415946893885, "high": -88.03992924817078}}, "accuracy_at_0.8_answer_fraction": {"mean": 0.7631578947368421, "bootstrap": {"std_err": 0.07729128747971294, "low": 0.631578947368421, "high": 0.8717948717948718}}, "accuracy_at_0.9_answer_fraction": {"mean": 0.7209302325581395, "bootstrap": {"std_err": 0.07372286699678594, "low": 0.6, "high": 0.8372093023255814}}, "accuracy_at_0.95_answer_fraction": {"mean": 0.6888888888888889, "bootstrap": {"std_err": 0.07178781206236534, "low": 0.5652173913043478, "high": 0.8}}, "accuracy_at_1.0_answer_fraction": {"mean": 0.6666666666666666, "bootstrap": {"std_err": 0.06798235309969683, "low": 0.5416666666666666, "high": 0.7708333333333334}}}, "semantic_energy_UNANSWERABLE": {"AUROC": {"mean": NaN, "bootstrap": {"std_err": NaN, "low": NaN, "high": NaN}}, "area_under_thresholded_accuracy": {"mean": 0.9473684210526319, "bootstrap": {"std_err": 0.0, "low": NaN, "high": NaN}}, "mean_uncertainty": {"mean": -97.81365135549898, "bootstrap": {"std_err": 5.840248051831302, "low": -107.55833907053967, "high": -88.49766896094044}}, "accuracy_at_0.8_answer_fraction": {"mean": 1.0, "bootstrap": {"std_err": 0.0, "low": NaN, "high": NaN}}, "accuracy_at_0.9_answer_fraction": {"mean": 1.0, "bootstrap": {"std_err": 0.0, "low": NaN, "high": NaN}}, "accuracy_at_0.95_answer_fraction": {"mean": 1.0, "bootstrap": {"std_err": 0.0, "low": NaN, "high": NaN}}, "accuracy_at_1.0_answer_fraction": {"mean": 1.0, "bootstrap": {"std_err": 0.0, "low": NaN, "high": NaN}}}, "p_ik": {"AUROC": {"mean": 0.802734375,