{"performance": {"accuracy": {"mean": 0.5960264900662252, "bootstrap": {"std_err": 0.038198167977507184, "low": 0.5298013245033113, "high": 0.6556291390728477}}}, "uncertainty": {"cluster_assignment_entropy": {"AUROC": {"mean": 0.8252276867030965, "bootstrap": {"std_err": 0.03346037012675042, "low": 0.7619784891160825, "high": 0.8741518435376123}}, "area_under_thresholded_accuracy": {"mean": 0.7562393915664661, "bootstrap": {"std_err": 0.03353143370568119, "low": 0.7000246566339229, "high": 0.8086706642255604}}, "mean_uncertainty": {"mean": 0.7116130589740524, "bootstrap": {"std_err": 0.05580270136051059, "low": 0.6226106307968763, "high": 0.8038677014732016}}, "accuracy_at_0.8_answer_fraction": {"mean": 0.6859504132231405, "bootstrap": {"std_err": 0.043961781302710806, "low": 0.6115702479338843, "high": 0.7543146287226701}}, "accuracy_at_0.9_answer_fraction": {"mean": 0.6397058823529411, "bootstrap": {"std_err": 0.043915328391059084, "low": 0.5661764705882353, "high": 0.7128992655395187}}, "accuracy_at_0.95_answer_fraction": {"mean": 0.6153846153846154, "bootstrap": {"std_err": 0.04169860818492553, "low": 0.5547945205479452, "high": 0.6867483110396156}}, "accuracy_at_1.0_answer_fraction": {"mean": 0.5960264900662252, "bootstrap": {"std_err": 0.040665395303890454, "low": 0.5231788079470199, "high": 0.6622516556291391}}}, "cluster_assignment_entropy_UNANSWERABLE": {"AUROC": {"mean": NaN, "bootstrap": {"std_err": NaN, "low": NaN, "high": NaN}}, "area_under_thresholded_accuracy": {"mean": 0.9473684210526319, "bootstrap": {"std_err": 0.0, "low": 0.9473684210526319, "high": 0.9473684210526319}}, "mean_uncertainty": {"mean": 0.7116130589740524, "bootstrap": {"std_err": 0.055287718677354124, "low": 0.6318900312773078, "high": 0.8149495656619375}}, "accuracy_at_0.8_answer_fraction": {"mean": 1.0, "bootstrap": {"std_err": 0.0, "low": NaN, "high": NaN}}, "accuracy_at_0.9_answer_fraction": {"mean": 1.0, "bootstrap": {"std_err": 0.0, "low": NaN, "high": NaN}}, "accuracy_at_0.95_answer_fraction": {"mean": 1.0, "bootstrap": {"std_err": 0.0, "low": NaN, "high": NaN}}, "accuracy_at_1.0_answer_fraction": {"mean": 1.0, "bootstrap": {"std_err": 0.0, "low": NaN, "high": NaN}}}, "regular_entropy": {"AUROC": {"mean": 0.7428051001821495, "bootstrap": {"std_err": 0.04274454684938475, "low": 0.6663719937490454, "high": 0.807426911148903}}, "area_under_thresholded_accuracy": {"mean": 0.700805329888889, "bootstrap": {"std_err": 0.04386429300336869, "low": 0.6177880360661716, "high": 0.7649962175444622}}, "mean_uncertainty": {"mean": 0.44882917279021334, "bootstrap": {"std_err": 0.02521076729473876, "low": 0.4114500148989345, "high": 0.49170875528946184}}, "accuracy_at_0.8_answer_fraction": {"mean": 0.7024793388429752, "bootstrap": {"std_err": 0.044097092959147134, "low": 0.6363636363636364, "high": 0.7851239669421488}}, "accuracy_at_0.9_answer_fraction": {"mean": 0.6470588235294118, "bootstrap": {"std_err": 0.04447249254742387, "low": 0.5766423357664233, "high": 0.7205882352941176}}, "accuracy_at_0.95_answer_fraction": {"mean": 0.6153846153846154, "bootstrap": {"std_err": 0.04159091133939741, "low": 0.5486111111111112, "high": 0.6853146853146853}}, "accuracy_at_1.0_answer_fraction": {"mean": 0.5960264900662252, "bootstrap": {"std_err": 0.039891185367588254, "low": 0.5298013245033113, "high": 0.6622516556291391}}}, "regular_entropy_UNANSWERABLE": {"AUROC": {"mean": NaN, "bootstrap": {"std_err": NaN, "low": NaN, "high": NaN}}, "area_under_thresholded_accuracy": {"mean": 0.9473684210526319, "bootstrap": {"std_err": 0.0, "low": 0.9473684210526319, "high": 0.9473684210526319}}, "mean_uncertainty": {"mean": 0.44882917279021334, "bootstrap": {"std_err": 0.02671702717660664, "low": 0.408421436933076, "high": 0.49528789748565605}}, "accuracy_at_0.8_answer_fraction": {"mean": 1.0, "bootstrap": {"std_err": 0.0, "low": NaN, "high": NaN}}, "accuracy_at_0.9_answer_fraction": {"mean": 1.0, "bootstrap": {"std_err": 0.0, "low": NaN, "high": NaN}}, "accuracy_at_0.95_answer_fraction": {"mean": 1.0, "bootstrap": {"std_err": 0.0, "low": NaN, "high": NaN}}, "accuracy_at_1.0_answer_fraction": {"mean": 1.0, "bootstrap": {"std_err": 0.0, "low": NaN, "high": NaN}}}, "semantic_entropy": {"AUROC": {"mean": 0.835063752276867, "bootstrap": {"std_err": 0.03410630857415636, "low": 0.7676308758986725, "high": 0.8794034607294422}}, "area_under_thresholded_accuracy": {"mean": 0.7631610318126563, "bootstrap": {"std_err": 0.03294900498584264, "low": 0.7045015767259093, "high": 0.8148111365294225}}, "mean_uncertainty": {"mean": 0.6128985941440468, "bootstrap": {"std_err": 0.04820990438920524, "low": 0.5329061742587237, "high": 0.6974974135613149}}, "accuracy_at_0.8_answer_fraction": {"mean": 0.6942148760330579, "bootstrap": {"std_err": 0.04850924671102016, "low": 0.6119556913405251, "high": 0.768595041322314}}, "accuracy_at_0.9_answer_fraction": {"mean": 0.6470588235294118, "bootstrap": {"std_err": 0.04355149890176492, "low": 0.5766423357664233, "high": 0.7205882352941176}}, "accuracy_at_0.95_answer_fraction": {"mean": 0.6153846153846154, "bootstrap": {"std_err": 0.04338288260428985, "low": 0.5454545454545454, "high": 0.6869645322747084}}, "accuracy_at_1.0_answer_fraction": {"mean": 0.5960264900662252, "bootstrap": {"std_err": 0.0388315511389977, "low": 0.5298013245033113, "high": 0.6556291390728477}}}, "semantic_entropy_UNANSWERABLE": {"AUROC": {"mean": NaN, "bootstrap": {"std_err": NaN, "low": NaN, "high": NaN}}, "area_under_thresholded_accuracy": {"mean": 0.9473684210526319, "bootstrap": {"std_err": 0.0, "low": 0.9473684210526319, "high": 0.9473684210526319}}, "mean_uncertainty": {"mean": 0.6128985941440468, "bootstrap": {"std_err": 0.049794849046213646, "low": 0.5379467296119932, "high": 0.7030085344312065}}, "accuracy_at_0.8_answer_fraction": {"mean": 1.0, "bootstrap": {"std_err": 0.0, "low": NaN, "high": NaN}}, "accuracy_at_0.9_answer_fraction": {"mean": 1.0, "bootstrap": {"std_err": 0.0, "low": NaN, "high": NaN}}, "accuracy_at_0.95_answer_fraction": {"mean": 1.0, "bootstrap": {"std_err": 0.0, "low": NaN, "high": NaN}}, "accuracy_at_1.0_answer_fraction": {"mean": 1.0, "bootstrap": {"std_err": 0.0, "low": NaN, "high": NaN}}}, "semantic_energy": {"AUROC": {"mean": 0.8389799635701274, "bootstrap": {"std_err": 0.03535163205145446, "low": 0.7778026704911527, "high": 0.8913400377749402}}, "area_under_thresholded_accuracy": {"mean": 0.7596644757337193, "bootstrap": {"std_err": 0.033041682681004624, "low": 0.6933628292350297, "high": 0.8050469082452459}}, "mean_uncertainty": {"mean": -189.3334277391985, "bootstrap": {"std_err": 6.145250323746594, "low": -198.79763786489036, "high": -179.03122520181495}}, "accuracy_at_0.8_answer_fraction": {"mean": 0.6942148760330579, "bootstrap": {"std_err": 0.046296338089081894, "low": 0.6147540983606558, "high": 0.7622950819672131}}, "accuracy_at_0.9_answer_fraction": {"mean": 0.6544117647058824, "bootstrap": {"std_err": 0.04239514534378842, "low": 0.5869565217391305, "high": 0.7238434638647676}}, "accuracy_at_0.95_answer_fraction": {"mean": 0.6223776223776224, "bootstrap": {"std_err": 0.04267237613365001, "low": 0.5486111111111112, "high": 0.6923076923076923}}, "accuracy_at_1.0_answer_fraction": {"mean": 0.5960264900662252, "bootstrap": {"std_err": 0.039069639156221365, "low": 0.5364238410596026, "high": 0.6688741721854304}}}, "semantic_energy_UNANSWERABLE": {"AUROC": {"mean": NaN, "bootstrap": {"std_err": NaN, "low": NaN, "high": NaN}}, "area_under_thresholded_accuracy": {"mean": 0.9473684210526319, "bootstrap": {"std_err": 0.0, "low": 0.9473684210526319, "high": 0.9473684210526319}}, "mean_uncertainty": {"mean": -189.3334277391985, "bootstrap": {"std_err": 6.19568127596768, "low": -198.95438134348385, "high": -178.32152900545015}}, "accuracy_at_0.8_answer_fraction": {"mean": 1.0, "bootstrap": {"std_err": 0.0, "low": NaN, "high": NaN}}, "accuracy_at_0.9_answer_fraction": {"mean": 1.0, "bootstrap": {"std_err": 0.0, "low": NaN, "high": NaN}},