{"performance": {"accuracy": {"mean": 0.6205882352941177, "bootstrap": {"std_err": 0.026166691800333004, "low": 0.5766027848085481, "high": 0.6617647058823529}}}, "uncertainty": {"p_false": {"AUROC": {"mean": 0.7574121018406261, "bootstrap": {"std_err": 0.026867169186048145, "low": 0.7070493108509033, "high": 0.7974334233999933}}, "area_under_thresholded_accuracy": {"mean": 0.7372885070280651, "bootstrap": {"std_err": 0.024316468955937198, "low": 0.694190388087934, "high": 0.7748412170362136}}, "mean_uncertainty": {"mean": 1.7989104248377878, "bootstrap": {"std_err": 0.05760976058894955, "low": 1.7120148884002906, "high": 1.899386874258439}}, "accuracy_at_0.8_answer_fraction": {"mean": 0.6985294117647058, "bootstrap": {"std_err": 0.0326297948905723, "low": 0.6483516483516484, "high": 0.7545787545787546}}, "accuracy_at_0.9_answer_fraction": {"mean": 0.6503267973856209, "bootstrap": {"std_err": 0.02892157922519756, "low": 0.6026058631921825, "high": 0.6958856042790754}}, "accuracy_at_0.95_answer_fraction": {"mean": 0.628482972136223, "bootstrap": {"std_err": 0.02687701600139236, "low": 0.5820433436532507, "high": 0.6718266253869969}}, "accuracy_at_1.0_answer_fraction": {"mean": 0.6205882352941177, "bootstrap": {"std_err": 0.026501241517354064, "low": 0.5764705882352941, "high": 0.6617647058823529}}}, "p_false_UNANSWERABLE": {"AUROC": {"mean": NaN, "bootstrap": {"std_err": NaN, "low": NaN, "high": NaN}}, "area_under_thresholded_accuracy": {"mean": 0.9473684210526319, "bootstrap": {"std_err": 0.0, "low": 0.9473684210526319, "high": 0.9473684210526319}}, "mean_uncertainty": {"mean": 1.7989104248377878, "bootstrap": {"std_err": 0.057307623288178546, "low": 1.7068923461866468, "high": 1.897660633157016}}, "accuracy_at_0.8_answer_fraction": {"mean": 1.0, "bootstrap": {"std_err": 0.0, "low": NaN, "high": NaN}}, "accuracy_at_0.9_answer_fraction": {"mean": 1.0, "bootstrap": {"std_err": 0.0, "low": NaN, "high": NaN}}, "accuracy_at_0.95_answer_fraction": {"mean": 1.0, "bootstrap": {"std_err": 0.0, "low": NaN, "high": NaN}}, "accuracy_at_1.0_answer_fraction": {"mean": 1.0, "bootstrap": {"std_err": 0.0, "low": NaN, "high": NaN}}}, "p_false_fixed": {"AUROC": {"mean": 0.7574121018406261, "bootstrap": {"std_err": 0.02656848174588813, "low": 0.716084614447691, "high": 0.8003470113986548}}, "area_under_thresholded_accuracy": {"mean": 0.7372885070280651, "bootstrap": {"std_err": 0.02442937388643306, "low": 0.6978708229446388, "high": 0.7780007854208839}}, "mean_uncertainty": {"mean": 0.3815011371912202, "bootstrap": {"std_err": 0.01748051915946096, "low": 0.3529396647555223, "high": 0.41009558128437723}}, "accuracy_at_0.8_answer_fraction": {"mean": 0.6985294117647058, "bootstrap": {"std_err": 0.03276273341305886, "low": 0.6507352941176471, "high": 0.7591240875912408}}, "accuracy_at_0.9_answer_fraction": {"mean": 0.6503267973856209, "bootstrap": {"std_err": 0.02821342304448449, "low": 0.6024887954444154, "high": 0.696078431372549}}, "accuracy_at_0.95_answer_fraction": {"mean": 0.628482972136223, "bootstrap": {"std_err": 0.02710460534872628, "low": 0.5851393188854489, "high": 0.6728395061728395}}, "accuracy_at_1.0_answer_fraction": {"mean": 0.6205882352941177, "bootstrap": {"std_err": 0.026972280152597297, "low": 0.5794117647058824, "high": 0.6647058823529411}}}, "p_false_fixed_UNANSWERABLE": {"AUROC": {"mean": NaN, "bootstrap": {"std_err": NaN, "low": NaN, "high": NaN}}, "area_under_thresholded_accuracy": {"mean": 0.9473684210526319, "bootstrap": {"std_err": 0.0, "low": 0.9473684210526319, "high": 0.9473684210526319}}, "mean_uncertainty": {"mean": 0.3815011371912202, "bootstrap": {"std_err": 0.01733863442366242, "low": 0.35168358853032083, "high": 0.4098785993015334}}, "accuracy_at_0.8_answer_fraction": {"mean": 1.0, "bootstrap": {"std_err": 0.0, "low": NaN, "high": NaN}}, "accuracy_at_0.9_answer_fraction": {"mean": 1.0, "bootstrap": {"std_err": 0.0, "low": NaN, "high": NaN}}, "accuracy_at_0.95_answer_fraction": {"mean": 1.0, "bootstrap": {"std_err": 0.0, "low": NaN, "high": NaN}}, "accuracy_at_1.0_answer_fraction": {"mean": 1.0, "bootstrap": {"std_err": 0.0, "low": NaN, "high": NaN}}}, "cluster_assignment_entropy": {"AUROC": {"mean": 0.8409750541900878, "bootstrap": {"std_err": 0.021622163428424556, "low": 0.8029873405282514, "high": 0.8756067776476703}}, "area_under_thresholded_accuracy": {"mean": 0.7760038007826761, "bootstrap": {"std_err": 0.021513077613936577, "low": 0.7391723469836711, "high": 0.8078210815247695}}, "mean_uncertainty": {"mean": 0.5666409870821582, "bootstrap": {"std_err": 0.03357848049771092, "low": 0.5160141851668558, "high": 0.6217961244622439}}, "accuracy_at_0.8_answer_fraction": {"mean": 0.718978102189781, "bootstrap": {"std_err": 0.02943071724887513, "low": 0.6691176470588235, "high": 0.7647058823529411}}, "accuracy_at_0.9_answer_fraction": {"mean": 0.6666666666666666, "bootstrap": {"std_err": 0.02865127873784527, "low": 0.6148867313915858, "high": 0.7124183006535948}}, "accuracy_at_0.95_answer_fraction": {"mean": 0.6470588235294118, "bootstrap": {"std_err": 0.027614355093826773, "low": 0.6018518518518519, "high": 0.6922133684338567}}, "accuracy_at_1.0_answer_fraction": {"mean": 0.6205882352941177, "bootstrap": {"std_err": 0.0264081933904096, "low": 0.5764705882352941, "high": 0.6617647058823529}}}, "cluster_assignment_entropy_UNANSWERABLE": {"AUROC": {"mean": NaN, "bootstrap": {"std_err": NaN, "low": NaN, "high": NaN}}, "area_under_thresholded_accuracy": {"mean": 0.9473684210526319, "bootstrap": {"std_err": 0.0, "low": 0.9473684210526319, "high": 0.9473684210526319}}, "mean_uncertainty": {"mean": 0.5666409870821582, "bootstrap": {"std_err": 0.03439753913879043, "low": 0.5163881451182878, "high": 0.631422956171665}}, "accuracy_at_0.8_answer_fraction": {"mean": 1.0, "bootstrap": {"std_err": 0.0, "low": NaN, "high": NaN}}, "accuracy_at_0.9_answer_fraction": {"mean": 1.0, "bootstrap": {"std_err": 0.0, "low": NaN, "high": NaN}}, "accuracy_at_0.95_answer_fraction": {"mean": 1.0, "bootstrap": {"std_err": 0.0, "low": NaN, "high": NaN}}, "accuracy_at_1.0_answer_fraction": {"mean": 1.0, "bootstrap": {"std_err": 0.0, "low": NaN, "high": NaN}}}, "regular_entropy": {"AUROC": {"mean": 0.7610125280135198, "bootstrap": {"std_err": 0.02704732415812442, "low": 0.7131710294367684, "high": 0.8018250221442705}}, "area_under_thresholded_accuracy": {"mean": 0.7331790503845281, "bootstrap": {"std_err": 0.025498679462983287, "low": 0.6866111626070508, "high": 0.7692748065750794}}, "mean_uncertainty": {"mean": 0.44763544312444176, "bootstrap": {"std_err": 0.01982769629926395, "low": 0.4157336156908557, "high": 0.4821784109980466}}, "accuracy_at_0.8_answer_fraction": {"mean": 0.7022058823529411, "bootstrap": {"std_err": 0.029078391611704307, "low": 0.6540999510246008, "high": 0.75}}, "accuracy_at_0.9_answer_fraction": {"mean": 0.6666666666666666, "bootstrap": {"std_err": 0.029510113614798748, "low": 0.6209150326797386, "high": 0.7157846248981582}}, "accuracy_at_0.95_answer_fraction": {"mean": 0.6408668730650154, "bootstrap": {"std_err": 0.027246651232726904, "low": 0.5975232198142415, "high": 0.6873065015479877}}, "accuracy_at_1.0_answer_fraction": {"mean": 0.6205882352941177, "bootstrap": {"std_err": 0.02613386343268565, "low": 0.5735294117647058, "high": 0.6617647058823529}}}, "regular_entropy_UNANSWERABLE": {"AUROC": {"mean": NaN, "bootstrap": {"std_err": NaN, "low": NaN, "high": NaN}}, "area_under_thresholded_accuracy": {"mean": 0.9473684210526319, "bootstrap": {"std_err": 0.0, "low": 0.9473684210526319, "high": 0.9473684210526319}}, "mean_uncertainty": {"mean": 0.44763544312444176, "bootstrap": {"std_err": 0.020121251886446822, "low": 0.41384533834283627, "high": 0.47919603807049654}}, "accuracy_at_0.8_answer_fraction": {"mean": 1.0, "bootstrap": {"std_err": 0.0, "low": NaN, "high": NaN}}, "accuracy_at_0.9_answer_fraction": {"mean": 1.0, "bootstrap": {"std_err": 0.0, "low": NaN, "high": NaN}}, "accuracy_at_0.95_answer_fraction": {"mean": 1.0,