{"_step":2,"len_p_true":19,"_timestamp":1.763705966624916e+09,"train_accuracy":0.5402597402597402,"validation_accuracy":0.5967246673490276,"_wandb":{"runtime":3270},"_runtime":3270}