{"performance": {"accuracy": {"mean": 0.6025, "bootstrap": {"std_err": 0.02500111659168108, "low": 0.56, "high": 0.6425}}}, "uncertainty": {"p_false": {"AUROC": {"mean": 0.6868133302017276, "bootstrap": {"std_err": 0.028080726368647377, "low": 0.6359300789634048, "high": 0.7297687417208529}}, "area_under_thresholded_accuracy": {"mean": 0.6822340211299556, "bootstrap": {"std_err": 0.02634986352614738, "low": 0.6354947938438386, "high": 0.7210260969723986}}, "mean_uncertainty": {"mean": 1.6094486409193995, "bootstrap": {"std_err": 0.04628311982023402, "low": 1.5407267755797844, "high": 1.6912372850398811}}, "accuracy_at_0.8_answer_fraction": {"mean": 0.671875, "bootstrap": {"std_err": 0.02679468452498297, "low": 0.6292834890965732, "high": 0.71875}}, "accuracy_at_0.9_answer_fraction": {"mean": 0.6333333333333333, "bootstrap": {"std_err": 0.025703536966918926, "low": 0.590027700831025, "high": 0.675}}, "accuracy_at_0.95_answer_fraction": {"mean": 0.6210526315789474, "bootstrap": {"std_err": 0.024824389893490714, "low": 0.5815789473684211, "high": 0.6627195616019461}}, "accuracy_at_1.0_answer_fraction": {"mean": 0.6025, "bootstrap": {"std_err": 0.0239574895399133, "low": 0.56, "high": 0.64}}}, "p_false_UNANSWERABLE": {"AUROC": {"mean": NaN, "bootstrap": {"std_err": NaN, "low": NaN, "high": NaN}}, "area_under_thresholded_accuracy": {"mean": 0.9473684210526319, "bootstrap": {"std_err": 0.0, "low": 0.9473684210526319, "high": 0.9473684210526319}}, "mean_uncertainty": {"mean": 1.6094486409193995, "bootstrap": {"std_err": 0.0467371233393377, "low": 1.537179644436798, "high": 1.6895686476319076}}, "accuracy_at_0.8_answer_fraction": {"mean": 1.0, "bootstrap": {"std_err": 0.0, "low": NaN, "high": NaN}}, "accuracy_at_0.9_answer_fraction": {"mean": 1.0, "bootstrap": {"std_err": 0.0, "low": NaN, "high": NaN}}, "accuracy_at_0.95_answer_fraction": {"mean": 1.0, "bootstrap": {"std_err": 0.0, "low": NaN, "high": NaN}}, "accuracy_at_1.0_answer_fraction": {"mean": 1.0, "bootstrap": {"std_err": 0.0, "low": NaN, "high": NaN}}}, "p_false_fixed": {"AUROC": {"mean": 0.6868133302017276, "bootstrap": {"std_err": 0.028071595163088898, "low": 0.6437956237221153, "high": 0.7361021541894531}}, "area_under_thresholded_accuracy": {"mean": 0.6822340211299556, "bootstrap": {"std_err": 0.026335940562903448, "low": 0.6415200936577055, "high": 0.7289880143108254}}, "mean_uncertainty": {"mean": 0.3112650082603588, "bootstrap": {"std_err": 0.015609151079686802, "low": 0.28576453519945305, "high": 0.3384746741549064}}, "accuracy_at_0.8_answer_fraction": {"mean": 0.671875, "bootstrap": {"std_err": 0.027380085400220203, "low": 0.6291950686999243, "high": 0.719626168224299}}, "accuracy_at_0.9_answer_fraction": {"mean": 0.6333333333333333, "bootstrap": {"std_err": 0.026000891015204856, "low": 0.5827950765082008, "high": 0.6694444444444444}}, "accuracy_at_0.95_answer_fraction": {"mean": 0.6210526315789474, "bootstrap": {"std_err": 0.025428163929811176, "low": 0.5759162303664922, "high": 0.6601264445716906}}, "accuracy_at_1.0_answer_fraction": {"mean": 0.6025, "bootstrap": {"std_err": 0.024873676719446677, "low": 0.56, "high": 0.6425}}}, "p_false_fixed_UNANSWERABLE": {"AUROC": {"mean": NaN, "bootstrap": {"std_err": NaN, "low": NaN, "high": NaN}}, "area_under_thresholded_accuracy": {"mean": 0.9473684210526319, "bootstrap": {"std_err": 0.0, "low": 0.9473684210526319, "high": 0.9473684210526319}}, "mean_uncertainty": {"mean": 0.3112650082603588, "bootstrap": {"std_err": 0.015717977262061786, "low": 0.2875052225244164, "high": 0.340998451350334}}, "accuracy_at_0.8_answer_fraction": {"mean": 1.0, "bootstrap": {"std_err": 0.0, "low": NaN, "high": NaN}}, "accuracy_at_0.9_answer_fraction": {"mean": 1.0, "bootstrap": {"std_err": 0.0, "low": NaN, "high": NaN}}, "accuracy_at_0.95_answer_fraction": {"mean": 1.0, "bootstrap": {"std_err": 0.0, "low": NaN, "high": NaN}}, "accuracy_at_1.0_answer_fraction": {"mean": 1.0, "bootstrap": {"std_err": 0.0, "low": NaN, "high": NaN}}}, "cluster_assignment_entropy": {"AUROC": {"mean": 0.785537200866411, "bootstrap": {"std_err": 0.02276524857932739, "low": 0.746647274481426, "high": 0.821639792433855}}, "area_under_thresholded_accuracy": {"mean": 0.7238465045354604, "bootstrap": {"std_err": 0.023408817303900015, "low": 0.6862852342853345, "high": 0.760384797659492}}, "mean_uncertainty": {"mean": 0.49100600289807206, "bootstrap": {"std_err": 0.03364710208215522, "low": 0.4381068311191773, "high": 0.5461925413481573}}, "accuracy_at_0.8_answer_fraction": {"mean": 0.6923076923076923, "bootstrap": {"std_err": 0.027532437225891493, "low": 0.646875, "high": 0.7375}}, "accuracy_at_0.9_answer_fraction": {"mean": 0.6527777777777778, "bootstrap": {"std_err": 0.026347449144961142, "low": 0.6030117963860765, "high": 0.6906077348066298}}, "accuracy_at_0.95_answer_fraction": {"mean": 0.6272965879265092, "bootstrap": {"std_err": 0.025833103976291783, "low": 0.5843682828717193, "high": 0.6692913385826772}}, "accuracy_at_1.0_answer_fraction": {"mean": 0.6025, "bootstrap": {"std_err": 0.025405344423472698, "low": 0.5575, "high": 0.64}}}, "cluster_assignment_entropy_UNANSWERABLE": {"AUROC": {"mean": NaN, "bootstrap": {"std_err": NaN, "low": NaN, "high": NaN}}, "area_under_thresholded_accuracy": {"mean": 0.9473684210526319, "bootstrap": {"std_err": 0.0, "low": 0.9473684210526319, "high": 0.9473684210526319}}, "mean_uncertainty": {"mean": 0.49100600289807206, "bootstrap": {"std_err": 0.032678305758633695, "low": 0.4401445078976447, "high": 0.5484834604939799}}, "accuracy_at_0.8_answer_fraction": {"mean": 1.0, "bootstrap": {"std_err": 0.0, "low": NaN, "high": NaN}}, "accuracy_at_0.9_answer_fraction": {"mean": 1.0, "bootstrap": {"std_err": 0.0, "low": NaN, "high": NaN}}, "accuracy_at_0.95_answer_fraction": {"mean": 1.0, "bootstrap": {"std_err": 0.0, "low": NaN, "high": NaN}}, "accuracy_at_1.0_answer_fraction": {"mean": 1.0, "bootstrap": {"std_err": 0.0, "low": NaN, "high": NaN}}}, "regular_entropy": {"AUROC": {"mean": 0.744043424932801, "bootstrap": {"std_err": 0.02472746797914031, "low": 0.7035087519966424, "high": 0.7819014387248754}}, "area_under_thresholded_accuracy": {"mean": 0.7080783582313551, "bootstrap": {"std_err": 0.024131407184775286, "low": 0.6649077311712042, "high": 0.7440817148834413}}, "mean_uncertainty": {"mean": 0.42869906792037954, "bootstrap": {"std_err": 0.023190785722777964, "low": 0.39620195303984984, "high": 0.4743210572641476}}, "accuracy_at_0.8_answer_fraction": {"mean": 0.69375, "bootstrap": {"std_err": 0.027452704344193234, "low": 0.646875, "high": 0.7375}}, "accuracy_at_0.9_answer_fraction": {"mean": 0.6555555555555556, "bootstrap": {"std_err": 0.02585177277814894, "low": 0.6138888888888889, "high": 0.6994485898077918}}, "accuracy_at_0.95_answer_fraction": {"mean": 0.6289473684210526, "bootstrap": {"std_err": 0.02636844456853098, "low": 0.5868421052631579, "high": 0.6739010873154465}}, "accuracy_at_1.0_answer_fraction": {"mean": 0.6025, "bootstrap": {"std_err": 0.02483249174763573, "low": 0.56, "high": 0.64}}}, "regular_entropy_UNANSWERABLE": {"AUROC": {"mean": NaN, "bootstrap": {"std_err": NaN, "low": NaN, "high": NaN}}, "area_under_thresholded_accuracy": {"mean": 0.9473684210526319, "bootstrap": {"std_err": 0.0, "low": 0.9473684210526319, "high": 0.9473684210526319}}, "mean_uncertainty": {"mean": 0.42869906792037954, "bootstrap": {"std_err": 0.022898976537378574, "low": 0.395002581698602, "high": 0.4709835847771411}}, "accuracy_at_0.8_answer_fraction": {"mean": 1.0, "bootstrap": {"std_err": 0.0, "low": NaN, "high": NaN}}, "accuracy_at_0.9_answer_fraction": {"mean": 1.0, "bootstrap": {"std_err": 0.0, "low": NaN, "high": NaN}}, "accuracy_at_0.95_answer_fraction": {"mean": 1.0, "bootstrap": {"std_err": 0.0, "low": NaN, "high": NaN}}, "accuracy_at_1.0_answer_fraction": {"mean": 1.0, "bootstrap": {"std_err": 0.0, "low": NaN, "high": NaN}}}, "semantic_entropy": {"AUROC": {"mean": 0.7859286515827657, "bootstrap": {"std_err": 0.023650577753082776,